ACRELÂNDIA;1
ASSIS BRASIL;1
BRASILÉIA;1
BUJARI;1
CAPIXABA;1
CRUZEIRO DO SUL;1
EPITACIOLÂNDIA;1
FEIJÓ;1
JORDÃO;1
MANOEL URBANO;1
MARECHAL THAUMATURGO;1
MÂNCIO LIMA;1
PLÁCIDO DE CASTRO;1
PORTO ACRE;1
PORTO WALTER;1
RIO BRANCO;1
RODRIGUES ALVES;1
SANTA ROSA DO PURUS;1
SENA MADUREIRA;1
SENADOR GUIOMARD;1
TARAUACÁ;1
XAPURI;1
ÁGUA BRANCA;2
ANADIA;2
ARAPIRACA;2
ATALAIA;2
BARRA DE SANTO ANTÔNIO;2
BARRA DE SÃO MIGUEL;2
BATALHA;2
BELO MONTE;2
BELÉM;2
BOCA DA MATA;2
BRANQUINHA;2
CACIMBINHAS;2
CAJUEIRO;2
CAMPESTRE;2
CAMPO ALEGRE;2
CAMPO GRANDE;2
CANAPI;2
CAPELA;2
CARNEIROS;2
CHÃ PRETA;2
COITÉ DO NÓIA;2
COLÔNIA LEOPOLDINA;2
COQUEIRO SECO;2
CORURIPE;2
CRAÍBAS;2
DELMIRO GOUVEIA;2
DOIS RIACHOS;2
ESTRELA DE ALAGOAS;2
FEIRA GRANDE;2
FELIZ DESERTO;2
FLEXEIRAS;2
GIRAU DO PONCIANO;2
IBATEGUARA;2
IGACI;2
IGREJA NOVA;2
INHAPI;2
JACARÉ DOS HOMENS;2
JACUÍPE;2
JAPARATINGA;2
JARAMATAIA;2
JEQUIÁ DA PRAIA;2
JOAQUIM GOMES;2
JUNDIÁ;2
JUNQUEIRO;2
LAGOA DA CANOA;2
LIMOEIRO DE ANADIA;2
MACEIÓ;2
MAJOR ISIDORO;2
MAR VERMELHO;2
MARAGOGI;2
MARAVILHA;2
MARECHAL DEODORO;2
MARIBONDO;2
MATA GRANDE;2
MATRIZ DE CAMARAGIBE;2
MESSIAS;2
MINADOR DO NEGRÃO;2
MONTEIRÓPOLIS;2
MURICI;2
NOVO LINO;2
OLHO D'ÁGUA GRANDE;2
OLHO D'ÁGUA DAS FLORES;2
OLHO D'ÁGUA DO CASADO;2
OLIVENÇA;2
OURO BRANCO;2
PALESTINA;2
PALMEIRA DOS ÍNDIOS;2
PARICONHA;2
PARIPUEIRA;2
PASSO DE CAMARAGIBE;2
PAULO JACINTO;2
PENEDO;2
PIAÇABUÇU;2
PILAR;2
PINDOBA;2
PIRANHAS;2
PORTO CALVO;2
PORTO REAL DO COLÉGIO;2
PORTO DE PEDRAS;2
POÇO DAS TRINCHEIRAS;2
PÃO DE AÇÚCAR;2
QUEBRANGULO;2
RIO LARGO;2
ROTEIRO;2
SANTA LUZIA DO NORTE;2
SANTANA DO IPANEMA;2
SANTANA DO MUNDAÚ;2
SATUBA;2
SENADOR RUI PALMEIRA;2
SÃO BRÁS;2
SÃO JOSÉ DA LAJE;2
SÃO JOSÉ DA TAPERA;2
SÃO LUÍS DO QUITUNDE;2
SÃO MIGUEL DOS CAMPOS;2
SÃO MIGUEL DOS MILAGRES;2
SÃO SEBASTIÃO;2
TANQUE D'ARCA;2
TAQUARANA;2
TEOTÔNIO VILELA;2
TRAIPU;2
UNIÃO DOS PALMARES;2
VIÇOSA;2
ALVARÃES;3
AMATURÁ;3
ANAMÃ;3
ANORI;3
APUÍ;3
ATALAIA DO NORTE;3
AUTAZES;3
BARCELOS;3
BARREIRINHA;3
BENJAMIN CONSTANT;3
BERURI;3
BOA VISTA DO RAMOS;3
BOCA DO ACRE;3
BORBA;3
CAAPIRANGA;3
CANUTAMA;3
CARAUARI;3
CAREIRO;3
CAREIRO DA VÁRZEA;3
COARI;3
CODAJÁS;3
EIRUNEPÉ;3
ENVIRA;3
FONTE BOA;3
GUAJARÁ;3
HUMAITÁ;3
IPIXUNA;3
IRANDUBA;3
ITACOATIARA;3
ITAMARATI;3
ITAPIRANGA;3
JAPURÁ;3
JURUÁ;3
JUTAÍ;3
LÁBREA;3
MANACAPURU;3
MANAQUIRI;3
MANAUS;3
MANICORÉ;3
MARAÃ;3
MAUÉS;3
NHAMUNDÁ;3
NOVA OLINDA DO NORTE;3
NOVO AIRÃO;3
NOVO ARIPUANÃ;3
PARINTINS;3
PAUINI;3
PRESIDENTE FIGUEIREDO;3
RIO PRETO DA EVA;3
SANTA ISABEL DO RIO NEGRO;3
SANTO ANTÔNIO DO IÇÁ;3
SILVES;3
SÃO GABRIEL DA CACHOEIRA;3
SÃO PAULO DE OLIVENÇA;3
SÃO SEBASTIÃO DO UATUMÃ;3
TABATINGA;3
TAPAUÁ;3
TEFÉ;3
TONANTINS;3
UARINI;3
URUCARÁ;3
URUCURITUBA;3
AMAPÁ;4
CALÇOENE;4
CUTIAS;4
FERREIRA GOMES;4
ITAUBAL;4
LARANJAL DO JARI;4
MACAPÁ;4
MAZAGÃO;4
OIAPOQUE;4
PEDRA BRANCA DO AMAPARI;4
PORTO GRANDE;4
PRACUÚBA;4
SANTANA;4
SERRA DO NAVIO;4
TARTARUGALZINHO;4
VITÓRIA DO JARI;4
ABARÉ;5
ABAÍRA;5
ACAJUTIBA;5
ADUSTINA;5
ÁGUA FRIA;5
AIQUARA;5
ALAGOINHAS;5
ALCOBAÇA;5
ALMADINA;5
AMARGOSA;5
AMÉLIA RODRIGUES;5
AMÉRICA DOURADA;5
ANAGÉ;5
ANDARAÍ;5
ANDORINHA;5
ANGICAL;5
ANGUERA;5
ANTAS;5
ANTÔNIO CARDOSO;5
ANTÔNIO GONÇALVES;5
APORÁ;5
APUAREMA;5
ARACATU;5
ARACI;5
ARAMARI;5
ARATACA;5
ARATUÍPE;5
ARAÇAS;5
AURELINO LEAL;5
BAIANÓPOLIS;5
BAIXA GRANDE;5
BANZAÊ;5
BARRA;5
BARRA DA ESTIVA;5
BARRA DO CHOÇA;5
BARRA DO MES;5
BARRA DO ROCHA;5
BARREIRAS;5
BARRO ALTO;5
BARRO PRETO;5
BARROCAS;5
BELMONTE;5
BELO CAMPO;5
BIRITINGA;5
BOA NOVA;5
BOA VISTA DO TUPIM;5
BOM JESUS DA LAPA;5
BOM JESUS DA SERRA;5
BONINAL;5
BONITO;5
BOQUIRA;5
BOTUPORÃ;5
BREJOLÂNDIA;5
BREJÕES;5
BROTAS DE MACAÚBAS;5
BRUMADO;5
BUERAREMA;5
BURITIRAMA;5
CAATIBA;5
CABACEIRAS DO PARAGUAÇU;5
CACHOEIRA;5
CACULÉ;5
CAETANOS;5
CAETITÉ;5
CAFARNAUM;5
CAIRU;5
CALDEIRÃO GRANDE;5
CAMACAN;5
CAMAMU;5
CAMAÇARI;5
CAMPO ALEGRE DE LOURDES;5
CAMPO FORMOSO;5
CANARANA;5
CANAVIEIRAS;5
CANDEAL;5
CANDEIAS;5
CANDIBA;5
CANSANÇÃO;5
CANUDOS;5
CANÁPOLIS;5
CAPELA DO ALTO ALEGRE;5
CAPIM GROSSO;5
CARAVELAS;5
CARAÍBAS;5
CARDEAL DA SILVA;5
CARINHANHA;5
CASA NOVA;5
CASTRO ALVES;5
CATOLÂNDIA;5
CATU;5
CATURAMA;5
CAÉM;5
CENTRAL;5
CHORROCHÓ;5
CIPÓ;5
COARACI;5
COCOS;5
CONCEIÇÃO DA FEIRA;5
CONCEIÇÃO DO ALMEIDA;5
CONCEIÇÃO DO COITÉ;5
CONCEIÇÃO DO JACUÍPE;5
CONDE;5
CONDEÚBA;5
CONTAS DO SINCORÁ;5
CORAÇÃO DE MARIA;5
CORDEIROS;5
CORIBE;5
CORONEL JOÃO SÁ;5
CORRENTINA;5
COTEGIPE;5
CRAVOLÂNDIA;5
CRISTÓPOLIS;5
CRISÓPOLIS;5
CRUZ DAS ALMAS;5
CURAÇÁ;5
CÂNDIDO SALES;5
CÍCERO DANTAS;5
DIAS D'ÁVILA;5
DOM BASÍLIO;5
DOM MACEDO COSTA;5
DÁRIO MEIRA;5
ELÍSIO MEDRADO;5
ENCRUZILHADA;5
ENTRE RIOS;5
ÉRICO CARDOSO;5
ESPLANADA;5
EUCLIDES DA CUNHA;5
EUNÁPOLIS;5
FEIRA DA MATA;5
FEIRA DE SANTANA;5
FILADÉLFIA;5
FIRMINO ALVES;5
FLORESTA AZUL;5
FORMOSA DO RIO PRETO;5
FÁTIMA;5
GANDU;5
GAVIÃO;5
GENTIO DO OURO;5
GLÓRIA;5
GONGOGI;5
GOVERNADOR MANGABEIRA;5
GUAJERU;5
GUANAMBI;5
GUARATINGA;5
HELIÓPOLIS;5
IAÇU;5
IBIASSUCÊ;5
IBICARAÍ;5
IBICOARA;5
IBICUÍ;5
IBIPEBA;5
IBIPITANGA;5
IBIQUERA;5
IBIRAPITANGA;5
IBIRAPUÃ;5
IBIRATAIA;5
IBITIARA;5
IBITITÁ;5
IBOTIRAMA;5
ICHU;5
IGAPORÃ;5
IGRAPIÚNA;5
IGUAÍ;5
ILHÉUS;5
INHAMBUPE;5
IPECAETÁ;5
IPIAÚ;5
IPIRÁ;5
IPUPIARA;5
IRAJUBA;5
IRAMAIA;5
IRAQUARA;5
IRARÁ;5
IRECÊ;5
ITABELA;5
ITABERABA;5
ITABUNA;5
ITACARÉ;5
ITAETÉ;5
ITAGI;5
ITAGIBÁ;5
ITAGIMIRIM;5
ITAGUAÇU DA BAHIA;5
ITAJU DO COLÔNIA;5
ITAJUÍPE;5
ITAMARAJU;5
ITAMARI;5
ITAMBÉ;5
ITANAGRA;5
ITANHÉM;5
ITAPARICA;5
ITAPEBI;5
ITAPETINGA;5
ITAPICURU;5
ITAPITANGA;5
ITAPÉ;5
ITAQUARA;5
ITARANTIM;5
ITATIM;5
ITIRUÇU;5
ITIÚBA;5
ITORORÓ;5
ITUAÇU;5
ITUBERÁ;5
IUIÚ;5
JABORANDI;5
JACARACI;5
JACOBINA;5
JAGUAQUARA;5
JAGUARARI;5
JAGUARIPE;5
JANDAÍRA;5
JEQUIÉ;5
JEREMOABO;5
JIQUIRIÇÁ;5
JITAÚNA;5
JOÃO DOURADO;5
JUAZEIRO;5
JUCURUÇU;5
JUSSARA;5
JUSSARI;5
JUSSIAPE;5
LAFAIETE COUTINHO;5
LAGOA REAL;5
LAJE;5
LAJEDINHO;5
LAJEDO DO TABOCAL;5
LAJEDÃO;5
LAMARÃO;5
LAPÃO;5
LAURO DE FREITAS;5
LENÇÓIS;5
LICÍNIO DE ALMEIDA;5
LIVRAMENTO DE NOSSA SENHORA;5
LUÍS EDUARDO MAGALHÃES;5
MACAJUBA;5
MACARANI;5
MACAÚBAS;5
MACURURÉ;5
MADRE DE DEUS;5
MAETINGA;5
MAIQUINIQUE;5
MAIRI;5
MALHADA;5
MALHADA DE PEDRAS;5
MANOEL VITORINO;5
MANSIDÃO;5
MARACÁS;5
MARAGOGIPE;5
MARAÚ;5
MARCIONÍLIO SOUZA;5
MASCOTE;5
MATA DE SÃO JOÃO;5
MATINA;5
MEDEIROS NETO;5
MIGUEL CALMON;5
MILAGRES;5
MIRANGABA;5
MIRANTE;5
MONTE SANTO;5
MORPARÁ;5
MORRO DO CHAPÉU;5
MORTUGABA;5
MUCUGÊ;5
MUCURI;5
MULUNGU DO MORRO;5
MUNDO NOVO;5
MUNIZ FERREIRA;5
MUQUÉM DE SÃO FRANCISCO;5
MURITIBA;5
MUTUÍPE;5
NAZARÉ;5
NILO PEÇANHA;5
NORDESTINA;5
NOVA CANAÃ;5
NOVA FÁTIMA;5
NOVA IBIÁ;5
NOVA ITARANA;5
NOVA REDENÇÃO;5
NOVA SOURE;5
NOVA VIÇOSA;5
NOVO HORIZONTE;5
NOVO TRIUNFO;5
OLINDINA;5
OLIVEIRA DOS BREJINHOS;5
OURIÇANGAS;5
OUROLÂNDIA;5
PALMAS DE MONTE ALTO;5
PALMEIRAS;5
PARAMIRIM;5
PARATINGA;5
PARIPIRANGA;5
PAU BRASIL;5
PAULO AFONSO;5
PEDRO ALEXANDRE;5
PEDRÃO;5
PIATÃ;5
PILÃO ARCADO;5
PINDAÍ;5
PINDOBAÇU;5
PINTADAS;5
PIRAÍ DO NORTE;5
PIRIPÁ;5
PIRITIBA;5
PLANALTINO;5
PLANALTO;5
POJUCA;5
PONTO NOVO;5
PORTO SEGURO;5
POTIRAGUÁ;5
POÇÕES;5
PRADO;5
PRESIDENTE DUTRA;5
PRESIDENTE JÂNIO QUADROS;5
PRESIDENTE TANCREDO NEVES;5
PÉ DE SERRA;5
QUEIMADAS;5
QUIJINGUE;5
QUIXABEIRA;5
RAFAEL JAMBEIRO;5
REMANSO;5
RETIROLÂNDIA;5
RIACHO DE SANTANA;5
RIACHÃO DAS NEVES;5
RIACHÃO DO JACUÍPE;5
RIBEIRA DO AMPARO;5
RIBEIRA DO POMBAL;5
RIBEIRÃO DO LARGO;5
RIO REAL;5
RIO DE CONTAS;5
RIO DO ANTÔNIO;5
RIO DO PIRES;5
RODELAS;5
RUY BARBOSA;5
SALINAS DA MARGARIDA;5
SALVADOR;5
SANTA BRÍGIDA;5
SANTA BÁRBARA;5
SANTA CRUZ CABRÁLIA;5
SANTA CRUZ DA VITÓRIA;5
SANTA INÊS;5
SANTA LUZIA;5
SANTA MARIA DA VITÓRIA;5
SANTA RITA DE CÁSSIA;5
SANTA TERESINHA;5
SANTALUZ;5
SANTANA;5
SANTANÓPOLIS;5
SANTO AMARO;5
SANTO ANTÔNIO DE JESUS;5
SANTO ESTÊVÃO;5
SAPEAÇU;5
SAUBARA;5
SAÚDE;5
SEABRA;5
SEBASTIÃO LARANJEIRAS;5
SENHOR DO BONFIM;5
SENTO SÉ;5
SERRA DOURADA;5
SERRA PRETA;5
SERRA DO RAMALHO;5
SERRINHA;5
SERROLÂNDIA;5
SIMÕES FILHO;5
SOBRADINHO;5
SOUTO SOARES;5
SÁTIRO DIAS;5
SÃO DESIDÉRIO;5
SÃO DOMINGOS;5
SÃO FELIPE;5
SÃO FRANCISCO DO CONDE;5
SÃO FÉLIX;5
SÃO FÉLIX DO CORIBE;5
SÃO GABRIEL;5
SÃO GONÇALO DOS CAMPOS;5
SÃO JOSÉ DA VITÓRIA;5
SÃO JOSÉ DO JACUÍPE;5
SÃO MIGUEL DAS MATAS;5
SÃO SEBASTIÃO DO PASSÉ;5
SÍTIO DO MATO;5
SÍTIO DO QUINTO;5
TABOCAS DO BREJO VELHO;5
TANHAÇU;5
TANQUE NOVO;5
TANQUINHO;5
TAPEROÁ;5
TAPIRAMUTÁ;5
TEIXEIRA DE FREITAS;5
TEODORO SAMPAIO;5
TEOFILÂNDIA;5
TEOLÂNDIA;5
TERRA NOVA;5
TREMEDAL;5
TUCANO;5
UAUÁ;5
UBAITABA;5
UBATÃ;5
UBAÍRA;5
UIBAÍ;5
UMBURANAS;5
UNA;5
URANDI;5
URUÇUCA;5
UTINGA;5
VALENTE;5
VALENÇA;5
VARZEDO;5
VERA CRUZ;5
VEREDA;5
VITÓRIA DA CONQUISTA;5
VÁRZEA NOVA;5
VÁRZEA DA ROÇA;5
VÁRZEA DO POÇO;5
WAGNER;5
WANDERLEY;5
WENCESLAU GUIMARÃES;5
XIQUE-XIQUE;5
ABAIARA;6
ACARAPE;6
ACARAÚ;6
ACOPIARA;6
AIUABA;6
ALCÂNTARAS;6
ALTANEIRA;6
ALTO SANTO;6
AMONTADA;6
ANTONINA DO NORTE;6
APUIARÉS;6
AQUIRAZ;6
ARACATI;6
ARACOIABA;6
ARARÁ;6
ARARIPE;6
ARATUBA;6
ARNEIROZ;6
ASSARÉ;6
AURORA;6
BAIXIO;6
BANABUIÚ;6
BARBALHA;6
BARREIRA;6
BARRO;6
BARROQUINHA;6
BATURITÉ;6
BEBERIBE;6
BELA CRUZ;6
BOA VIAGEM;6
BREJO SANTO;6
CAMOCIM;6
CAMPOS SALES;6
CANINDÉ;6
CAPISTRANO;6
CARIDADE;6
CARIRIAÇU;6
CARIRÉ;6
CARIÚS;6
CARNAUBAL;6
CASCAVEL;6
CATARINA;6
CATUNDA;6
CAUCAIA;6
CEDRO;6
CHAVAL;6
CHOROZINHO;6
CHORÓ;6
COREAÚ;6
CRATEÚS;6
CRATO;6
CROATÁ;6
CRUZ;6
DEPUTADO IRAPUAN PINHEIRO;6
ERERÊ;6
EUSÉBIO;6
FARIAS BRITO;6
FORQUILHA;6
FORTALEZA;6
FORTIM;6
FRECHEIRINHA;6
GENERAL SAMPAIO;6
GRANJA;6
GRANJEIRO;6
GRAÇA;6
GROAÍRAS;6
GUAIÚBA;6
GUARACIABA DO NORTE;6
GUARAMIRANGA;6
HIDROLÂNDIA;6
HORIZONTE;6
IBARETAMA;6
IBIAPINA;6
IBICUITINGA;6
ICAPUÍ;6
ICÓ;6
IGUATU;6
INDEPÊNCIA;6
IPAPORANGA;6
IPAUMIRIM;6
IPU;6
IPUEIRAS;6
IRACEMA;6
IRAUÇUBA;6
ITAITINGA;6
ITAIÇABA;6
ITAPAGÉ;6
ITAPIPOCA;6
ITAPIÚNA;6
ITAREMA;6
ITATIRA;6
JAGUARETAMA;6
JAGUARIBARA;6
JAGUARIBE;6
JAGUARUANA;6
JARDIM;6
JATI;6
JIJOCA DE JERICOACOARA;6
JUAZEIRO DO NORTE;6
JUCÁS;6
LAVRAS DA MANGABEIRA;6
LIMOEIRO DO NORTE;6
MADALENA;6
MARACANAÚ;6
MARANGUAPE;6
MARCO;6
MARTINÓPOLE;6
MASSAPÊ;6
MAURITI;6
MERUOCA;6
MILAGRES;6
MILHÃ;6
MIRAÍMA;6
MISSÃO VELHA;6
MOMBAÇA;6
MONSENHOR TABOSA;6
MORADA NOVA;6
MORAÚJO;6
MORRINHOS;6
MUCAMBO;6
MULUNGU;6
NOVA OLINDA;6
NOVA RUSSAS;6
NOVO ORIENTE;6
OCARA;6
ORÓS;6
PACAJUS;6
PACATUBA;6
PACOTI;6
PACUJÁ;6
PALHANO;6
PALMÁCIA;6
PARACURU;6
PARAIPABA;6
PARAMBU;6
PARAMOTI;6
PEDRA BRANCA;6
PENAFORTE;6
PENTECOSTE;6
PEREIRO;6
PINDORETAMA;6
PIQUET CARNEIRO;6
PIRES FERREIRA;6
PORANGA;6
PORTEIRAS;6
POTENGI;6
POTIRETAMA;6
QUITERIANÓPOLIS;6
QUIXADÁ;6
QUIXELÔ;6
QUIXERAMOBIM;6
QUIXERÉ;6
REDENÇÃO;6
RERIUTABA;6
RUSSAS;6
SABOEIRO;6
SALITRE;6
SANTA QUITÉRIA;6
SANTANA DO ACARAÚ;6
SANTANA DO CARIRI;6
SENADOR POMPEU;6
SENADOR SÁ;6
SOBRAL;6
SOLONÓPOLE;6
SÃO BENEDITO;6
SÃO GONÇALO DO AMARANTE;6
SÃO JOÃO DO JAGUARIBE;6
SÃO LUÍS DO CURU;6
TABULEIRO DO NORTE;6
TAMBORIL;6
TARRAFAS;6
TAUÁ;6
TEJUÇUOCA;6
TIANGUÁ;6
TRAIRI;6
TURURU;6
UBAJARA;6
UMARI;6
UMIRIM;6
URUBURETAMA;6
URUOCA;6
VARJOTA;6
VIÇOSA DO CEARÁ;6
VÁRZEA ALEGRE;6
ÁGUAS CLARAS;7
BRASÍLIA;7
BRAZLÂNDIA;7
CANDANGOLÂNDIA;7
CEILÂNDIA;7
CRUZEIRO;7
GAMA;7
GUARÁ;7
ITAPOÃ;7
JARDIM BOTÂNICO;7
LAGO NORTE;7
LAGO SUL;7
NÚCLEO BANDEIRANTE;7
PARANOÁ;7
PARK WAY;7
PLANALTINA;7
RECANTO DAS EMAS;7
RIACHO FUNDO;7
RIACHO FUNDO II;7
SAMAMBAIA;7
SANTA MARIA;7
SÃO SEBASTIÃO;7
SOBRADINHO;7
SOBRADINHO II;7
SCIA;7
SIA;7
SUDOESTE E OCTOGONAL;7
TAGUATINGA;7
VARJÃO;7
AFONSO CLÁUDIO;8
ÁGUA DOCE DO NORTE;8
ÁGUIA BRANCA;8
ALEGRE;8
ALFREDO CHAVES;8
ALTO RIO NOVO;8
ANCHIETA;8
APIACÁ;8
ARACRUZ;8
ATILIO VIVACQUA;8
BAIXO GUANDU;8
BARRA DE SÃO FRANCISCO;8
BOA ESPERANÇA;8
BOM JESUS DO NORTE;8
BREJETUBA;8
CACHOEIRO DE ITAPEMIRIM;8
CARIACICA;8
CASTELO;8
COLATINA;8
CONCEIÇÃO DA BARRA;8
CONCEIÇÃO DO CASTELO;8
DIVINO DE SÃO LOURENÇO;8
DOMINGOS MARTINS;8
DORES DO RIO PRETO;8
ECOPORANGA;8
FUNDÃO;8
GOVERNADOR LINDENBERG;8
GUARAPARI;8
GUAÇUÍ;8
IBATIBA;8
IBIRAÇU;8
IBITIRAMA;8
ICONHA;8
IRUPI;8
ITAGUAÇU;8
ITAPEMIRIM;8
ITARANA;8
IÚNA;8
JAGUARÉ;8
JERÔNIMO MONTEIRO;8
JOÃO NEIVA;8
LARANJA DA TERRA;8
LINHARES;8
MANTENÓPOLIS;8
MARATAÍZES;8
MARECHAL FLORIANO;8
MARILÂNDIA;8
MIMOSO DO SUL;8
MONTANHA;8
MUCURICI;8
MUNIZ FREIRE;8
MUQUI;8
NOVA VENÉCIA;8
PANCAS;8
PEDRO CANÁRIO;8
PINHEIROS;8
PIÚMA;8
PONTO BELO;8
PRESIDENTE KENNEDY;8
RIO BANANAL;8
RIO NOVO DO SUL;8
SANTA LEOPOLDINA;8
SANTA MARIA DE JETIBÁ;8
SANTA TERESA;8
SERRA;8
SOORETAMA;8
SÃO DOMINGOS DO NORTE;8
SÃO GABRIEL DA PALHA;8
SÃO JOSÉ DO CALÇADO;8
SÃO MATEUS;8
SÃO ROQUE DO CANAÃ;8
VARGEM ALTA;8
VA NOVA DO IMIGRANTE;8
VIANA;8
VILA PAVÃO;8
VILA VALÉRIO;8
VILA VELHA;8
VITÓRIA;8
ABADIA DE GOIÁS;9
ABADIÂNIA;9
ACREÚNA;9
ADELÂNDIA;9
ÁGUA FRIA DE GOIÁS;9
ÁGUA LIMPA;9
ÁGUAS LINDAS DE GOIÁS;9
ALEXÂNIA;9
ALOÂNDIA;9
ALTO HORIZONTE;9
ALTO PARAÍSO DE GOIÁS;9
ALVORADA DO NORTE;9
AMARALINA;9
AMERICANO DO BRASIL;9
AMORINÓPOLIS;9
ANHANGUERA;9
ANICUNS;9
ANÁPOLIS;9
APARECIDA DE GOIÂNIA;9
APARECIDA DO RIO DOCE;9
APORÉ;9
ARAGARÇAS;9
ARAGOIÂNIA;9
ARAGUAPAZ;9
ARAÇU;9
ARENÓPOLIS;9
ARUANÃ;9
AURILÂNDIA;9
AVELINÓPOLIS;9
BALIZA;9
BARRO ALTO;9
BELA VISTA DE GOIÁS;9
BOM JARDIM DE GOIÁS;9
BOM JESUS DE GOIÁS;9
BONFINÓPOLIS;9
BONÓPOLIS;9
BRAZABRANTES;9
BRITÂNIA;9
BURITI ALEGRE;9
BURITI DE GOIÁS;9
BURITINÓPOLIS;9
CABECEIRAS;9
CACHOEIRA ALTA;9
CACHOEIRA DOURADA;9
CACHOEIRA DE GOIÁS;9
CAIAPÔNIA;9
CALDAS NOVAS;9
CALDAZINHA;9
CAMPESTRE DE GOIÁS;9
CAMPINAÇU;9
CAMPINORTE;9
CAMPO ALEGRE DE GOIÁS;9
CAMPO LIMPO DE GOIÁS;9
CAMPOS BELOS;9
CAMPOS VERDES;9
CARMO DO RIO VERDE;9
CASTELÂNDIA;9
CATALÃO;9
CATURAÍ;9
CAVALCANTE;9
CAÇU;9
CERES;9
CEZARINA;9
CHAPADÃO DO CÉU;9
CIDADE OCIDENTAL;9
COCALZINHO DE GOIÁS;9
COLINAS DO SUL;9
CORUMBAÍBA;9
CORUMBÁ DE GOIÁS;9
CRISTALINA;9
CRISTIANÓPOLIS;9
CRIXÁS;9
CROMÍNIA;9
CUMARI;9
CÓRREGO DO OURO;9
DAMIANÓPOLIS;9
DAMOLÂNDIA;9
DAVINÓPOLIS;9
DIORAMA;9
DIVINÓPOLIS DE GOIÁS;9
DOVERLÂNDIA;9
EDEALINA;9
EDÉIA;9
ESTRELA DO NORTE;9
FAINA;9
FAZA NOVA;9
FIRMINÓPOLIS;9
FLORES DE GOIÁS;9
FORMOSA;9
FORMOSO;9
GAMELEIRA DE GOIÁS;9
GOIANDIRA;9
GOIANIRA;9
GOIANÁPOLIS;9
GOIANÉSIA;9
GOIATUBA;9
GOIÁS;9
GOIÂNIA;9
GOUVELÂNDIA;9
GUAPÓ;9
GUARANI DE GOIÁS;9
GUARAÍTA;9
GUARINOS;9
HEITORAÍ;9
HIDROLINA;9
HIDROLÂNDIA;9
IACIARA;9
INACIOLÂNDIA;9
INDIARA;9
INHUMAS;9
IPAMERI;9
IPIRANGA DE GOIÁS;9
IPORÁ;9
ISRAELÂNDIA;9
ITABERAÍ;9
ITAGUARI;9
ITAGUARU;9
ITAJÁ;9
ITAPACI;9
ITAPIRAPUÃ;9
ITAPURANGA;9
ITARUMÃ;9
ITAUÇU;9
ITUMBIARA;9
IVOLÂNDIA;9
JANDAIA;9
JARAGUÁ;9
JATAÍ;9
JAUPACI;9
JESÚPOLIS;9
JOVIÂNIA;9
JUSSARA;9
LAGOA SANTA;9
LEOPOLDO DE BULHÕES;9
LUZIÂNIA;9
MAIRIPOTABA;9
MAMBAÍ;9
MARA ROSA;9
MARZAGÃO;9
MATRINCHÃ;9
MAURILÂNDIA;9
MIMOSO DE GOIÁS;9
MINAÇU;9
MINEIROS;9
MOIPORÁ;9
MONTE ALEGRE DE GOIÁS;9
MONTES CLAROS DE GOIÁS;9
MONTIVIDIU;9
MONTIVIDIU DO NORTE;9
MORRINHOS;9
MORRO AGUDO DE GOIÁS;9
MOSSÂMEDES;9
MOZARLÂNDIA;9
MUNDO NOVO;9
MUTUNÓPOLIS;9
NAZÁRIO;9
NERÓPOLIS;9
NIQUELÂNDIA;9
NOVA AMÉRICA;9
NOVA AURORA;9
NOVA CRIXÁS;9
NOVA GLÓRIA;9
NOVA IGUAÇU DE GOIÁS;9
NOVA ROMA;9
NOVA VENEZA;9
NOVO BRASIL;9
NOVO GAMA;9
NOVO PLANALTO;9
ORIZONA;9
OURO VERDE DE GOIÁS;9
OUVIDOR;9
PADRE BERNARDO;9
PALESTINA DE GOIÁS;9
PALMEIRAS DE GOIÁS;9
PALMELO;9
PALMINÓPOLIS;9
PANAMÁ;9
PARANAIGUARA;9
PARAÚNA;9
PEROLÂNDIA;9
PETROLINA DE GOIÁS;9
PILAR DE GOIÁS;9
PIRACANJUBA;9
PIRANHAS;9
PIRENÓPOLIS;9
PIRES DO RIO;9
PLANALTINA;9
PONTALINA;9
PORANGATU;9
PORTEIRÃO;9
PORTELÂNDIA;9
POSSE;9
PROFESSOR JAMIL;9
QUIRINÓPOLIS;9
RIALMA;9
RIANÁPOLIS;9
RIO QUENTE;9
RIO VERDE;9
RUBIATABA;9
SANCLERLÂNDIA;9
SANTA BÁRBARA DE GOIÁS;9
SANTA CRUZ DE GOIÁS;9
SANTA FÉ DE GOIÁS;9
SANTA HELENA DE GOIÁS;9
SANTA ISABEL;9
SANTA RITA DO ARAGUAIA;9
SANTA RITA DO NOVO DESTINO;9
SANTA ROSA DE GOIÁS;9
SANTA TEREZA DE GOIÁS;9
SANTA TEREZINHA DE GOIÁS;9
SANTO ANTÔNIO DA BARRA;9
SANTO ANTÔNIO DE GOIÁS;9
SANTO ANTÔNIO DO DESCOBERTO;9
SENADOR CANEDO;9
SERRANÓPOLIS;9
SILVÂNIA;9
SIMOLÂNDIA;9
SÃO DOMINGOS;9
SÃO FRANCISCO DE GOIÁS;9
SÃO JOÃO D'ALIANÇA;9
SÃO JOÃO DA PARAÚNA;9
SÃO LUÍS DE MONTES BELOS;9
SÃO LUÍZ DO NORTE;9
SÃO MIGUEL DO ARAGUAIA;9
SÃO MIGUEL DO PASSA QUATRO;9
SÃO PATRÍCIO;9
SÃO SIMÃO;9
SÍTIO D'ABADIA;9
TAQUARAL DE GOIÁS;9
TERESINA DE GOIÁS;9
TEREZÓPOLIS DE GOIÁS;9
TRINDADE;9
TROMBAS;9
TRÊS RANCHOS;9
TURVELÂNDIA;9
TURVÂNIA;9
UIRAPURU;9
URUANA;9
URUAÇU;9
URUTAÍ;9
VALPARAÍSO DE GOIÁS;9
VARJÃO;9
VIANÓPOLIS;9
VICENTINÓPOLIS;9
VILA BOA;9
VILA PROPÍCIO;9
AFONSO CUNHA;10
ÁGUA DOCE DO MARANHÃO;10
ALCÂNTARA;10
ALDEIAS ALTAS;10
ALTAMIRA DO MARANHÃO;10
ALTO ALEGRE DO MARANHÃO;10
ALTO ALEGRE DO PINDARÉ;10
ALTO PARNAÍBA;10
AMAPÁ DO MARANHÃO;10
AMARANTE DO MARANHÃO;10
ANAJATUBA;10
ANAPURUS;10
APICUM-AÇU;10
ARAGUANÃ;10
ARAIOSES;10
ARAME;10
ARARI;10
AXIXÁ;10
AÇAILÂNDIA;10
BACABAL;10
BACABEIRA;10
BACURI;10
BACURITUBA;10
BALSAS;10
BARRA DO CORDA;10
BARREIRINHAS;10
BARÃO DE GRAJAÚ;10
BELA VISTA DO MARANHÃO;10
BELÁGUA;10
BENEDITO LEITE;10
BEQUIMÃO;10
BERNARDO DO MEARIM;10
BOA VISTA DO GURUPI;10
BOM JARDIM;10
BOM JESUS DAS SELVAS;10
BOM LUGAR;10
BREJO;10
BREJO DE AREIA;10
BURITI;10
BURITI BRAVO;10
BURITICUPU;10
BURITIRANA;10
CACHOEIRA GRANDE;10
CAJAPIÓ;10
CAJARI;10
CAMPESTRE DO MARANHÃO;10
CANTANHEDE;10
CAPINZAL DO NORTE;10
CAROLINA;10
CARUTAPERA;10
CAXIAS;10
CEDRAL;10
CENTRAL DO MARANHÃO;10
CENTRO NOVO DO MARANHÃO;10
CENTRO DO GUILHERME;10
CHAPADINHA;10
CIDELÂNDIA;10
CODÓ;10
COELHO NETO;10
COLINAS;10
CONCEIÇÃO DO LAGO-AÇU;10
COROATÁ;10
CURURUPU;10
CÂNDIDO MES;10
DAVINÓPOLIS;10
DOM PEDRO;10
DUQUE BACELAR;10
ESPERANTINÓPOLIS;10
ESTREITO;10
FEIRA NOVA DO MARANHÃO;10
FERNANDO FALCÃO;10
FORMOSA DA SERRA NEGRA;10
FORTALEZA DOS NOGUEIRAS;10
FORTUNA;10
GODOFREDO VIANA;10
GONÇALVES DIAS;10
GOVERNADOR ARCHER;10
GOVERNADOR EDISON LOBÃO;10
GOVERNADOR EUGÊNIO BARROS;10
GOVERNADOR LUIZ ROCHA;10
GOVERNADOR NEWTON BELLO;10
GOVERNADOR NUNES FREIRE;10
GRAJAÚ;10
GRAÇA ARANHA;10
GUIMARÃES;10
HUMBERTO DE CAMPOS;10
ICATU;10
IGARAPÉ GRANDE;10
IGARAPÉ DO MEIO;10
IMPERATRIZ;10
ITAIPAVA DO GRAJAÚ;10
ITAPECURU MIRIM;10
ITINGA DO MARANHÃO;10
JATOBÁ;10
JENIPAPO DOS VIEIRAS;10
JOSELÂNDIA;10
JOÃO LISBOA;10
JUNCO DO MARANHÃO;10
LAGO VERDE;10
LAGO DA PEDRA;10
LAGO DO JUNCO;10
LAGO DOS RODRIGUES;10
LAGOA GRANDE DO MARANHÃO;10
LAGOA DO MATO;10
LAJEADO NOVO;10
LIMA CAMPOS;10
LORETO;10
LUÍS DOMINGUES;10
MAGALHÃES DE ALMEIDA;10
MARACAÇUMÉ;10
MARAJÁ DO SENA;10
MARANHÃOZINHO;10
MATA ROMA;10
MATINHA;10
MATÕES;10
MATÕES DO NORTE;10
MILAGRES DO MARANHÃO;10
MIRADOR;10
MIRANDA DO NORTE;10
MIRINZAL;10
MONTES ALTOS;10
MONÇÃO;10
MORROS;10
NINA RODRIGUES;10
NOVA COLINAS;10
NOVA IORQUE;10
NOVA OLINDA DO MARANHÃO;10
OLHO D'ÁGUA DAS CUNHÃS;10
OLINDA NOVA DO MARANHÃO;10
PALMEIRÂNDIA;10
PARAIBANO;10
PARNARAMA;10
PASSAGEM FRANCA;10
PASTOS BONS;10
PAULINO NEVES;10
PAULO RAMOS;10
PAÇO DO LUMIAR;10
PEDREIRAS;10
PEDRO DO ROSÁRIO;10
PENALVA;10
PERI MIRIM;10
PERITORÓ;10
PINDARÉ-MIRIM;10
PINHEIRO;10
PIO XII;10
PIRAPEMAS;10
PORTO FRANCO;10
PORTO RICO DO MARANHÃO;10
POÇÃO DE PEDRAS;10
PRESIDENTE DUTRA;10
PRESIDENTE JUSCELINO;10
PRESIDENTE MÉDICI;10
PRESIDENTE SARNEY;10
PRESIDENTE VARGAS;10
PRIMEIRA CRUZ;10
RAPOSA;10
RIACHÃO;10
RIBAMAR FIQUENE;10
ROSÁRIO;10
SAMBAÍBA;10
SANTA FILOMENA DO MARANHÃO;10
SANTA HELENA;10
SANTA INÊS;10
SANTA LUZIA;10
SANTA LUZIA DO PARUÁ;10
SANTA QUITÉRIA DO MARANHÃO;10
SANTA RITA;10
SANTANA DO MARANHÃO;10
SANTO AMARO DO MARANHÃO;10
SANTO ANTÔNIO DOS LOPES;10
SATUBINHA;10
SENADOR ALEXANDRE COSTA;10
SENADOR LA ROCQUE;10
SERRANO DO MARANHÃO;10
SUCUPIRA DO NORTE;10
SUCUPIRA DO RIACHÃO;10
SÃO BENEDITO DO RIO PRETO;10
SÃO BENTO;10
SÃO BERNARDO;10
SÃO DOMINGOS DO AZEITÃO;10
SÃO DOMINGOS DO MARANHÃO;10
SÃO FRANCISCO DO BREJÃO;10
SÃO FRANCISCO DO MARANHÃO;10
SÃO FÉLIX DE BALSAS;10
SÃO JOSÉ DE RIBAMAR;10
SÃO JOSÉ DOS BASÍLIOS;10
SÃO JOÃO BATISTA;10
SÃO JOÃO DO CARÚ;10
SÃO JOÃO DO PARAÍSO;10
SÃO JOÃO DO SOTER;10
SÃO JOÃO DOS PATOS;10
SÃO LUÍS;10
SÃO LUÍS GONZAGA DO MARANHÃO;10
SÃO MATEUS DO MARANHÃO;10
SÃO PEDRO DA ÁGUA BRANCA;10
SÃO PEDRO DOS CRENTES;10
SÃO RAIMUNDO DAS MANGABEIRAS;10
SÃO RAIMUNDO DO DOCA BEZERRA;10
SÃO ROBERTO;10
SÃO VICENTE FERRER;10
SÍTIO NOVO;10
TASSO FRAGOSO;10
TIMBIRAS;10
TIMON;10
TRIZIDELA DO VALE;10
TSIGLAILÂNDIA;10
TUNTUM;10
TURIAÇU;10
TURILÂNDIA;10
TUTÓIA;10
URBANO SANTOS;10
VARGEM GRANDE;10
VIANA;10
VILA NOVA DOS MARTÍRIOS;10
VITORINO FREIRE;10
VITÓRIA DO MEARIM;10
ZÉ DOCA;10
ABADIA DOS DOURADOS;11
ABAETÉ;11
ABRE CAMPO;11
ACAIACA;11
ÁGUA BOA;11
ÁGUA COMPRIDA;11
AGUANIL;11
ÁGUAS FORMOSAS;11
ÁGUAS VERMELHAS;11
AIMORÉS;11
AIURUOCA;11
ALAGOA;11
ALBERTINA;11
ALFENAS;11
ALFREDO VASCONCELOS;11
ALMENARA;11
ALPERCATA;11
ALPINÓPOLIS;11
ALTEROSA;11
ALTO CAPARAÓ;11
ALTO JEQUITIBÁ;11
ALTO RIO DOCE;11
ALVARENGA;11
ALVINÓPOLIS;11
ALVORADA DE MINAS;11
ALÉM PARAÍBA;11
AMPARO DO SERRA;11
ANDRADAS;11
ANDRELÂNDIA;11
ANGELÂNDIA;11
ANTÔNIO CARLOS;11
ANTÔNIO DIAS;11
ANTÔNIO PRADO DE MINAS;11
ARACITABA;11
ARAGUARI;11
ARANTINA;11
ARAPONGA;11
ARAPORÃ;11
ARAPUÁ;11
ARAXÁ;11
ARAÇAÍ;11
ARAÇUAÍ;11
ARAÚJOS;11
ARCEBURGO;11
ARCOS;11
AREADO;11
ARGIRITA;11
ARICANDUVA;11
ARINOS;11
ASTOLFO DUTRA;11
ATALÉIA;11
AUGUSTO DE LIMA;11
AÇUCENA;11
BAEPI;11
BALDIM;11
BAMBUÍ;11
BANDEIRA;11
BANDEIRA DO SUL;11
BARBACENA;11
BARRA LONGA;11
BARROSO;11
BARÃO DE COCAIS;11
BARÃO DE MONTE ALTO;11
BELA VISTA DE MINAS;11
BELMIRO BRAGA;11
BELO HORIZONTE;11
BELO ORIENTE;11
BELO VALE;11
BERILO;11
BERIZAL;11
BERTÓPOLIS;11
BETIM;11
BIAS FORTES;11
BICAS;11
BIQUINHAS;11
BOA ESPERANÇA;11
BOCAINA DE MINAS;11
BOCAIÚVA;11
BOM DESPACHO;11
BOM JARDIM DE MINAS;11
BOM JESUS DA PENHA;11
BOM JESUS DO AMPARO;11
BOM JESUS DO GALHO;11
BOM REPOUSO;11
BOM SUCESSO;11
BONFIM;11
BONFINÓPOLIS DE MINAS;11
BONITO DE MINAS;11
BORDA DA MATA;11
BOTELHOS;11
BOTUMIRIM;11
BRASILÂNDIA DE MINAS;11
BRASÍLIA DE MINAS;11
BRASÓPOLIS;11
BRAÚNAS;11
BRUMADINHO;11
BRÁS PIRES;11
BUENO BRANDÃO;11
BUENÓPOLIS;11
BUGRE;11
BURITIS;11
BURITIZEIRO;11
CABECEIRA GRANDE;11
CABO VERDE;11
CACHOEIRA DOURADA;11
CACHOEIRA DA PRATA;11
CACHOEIRA DE MINAS;11
CACHOEIRA DE PAJEÚ;11
CAETANÓPOLIS;11
CAETÉ;11
CAIANA;11
CAJURI;11
CALDAS;11
CAMACHO;11
CAMANDUCAIA;11
CAMBUQUIRA;11
CAMBUÍ;11
CAMPANHA;11
CAMPANÁRIO;11
CAMPESTRE;11
CAMPINA VERDE;11
CAMPO AZUL;11
CAMPO BELO;11
CAMPO FLORIDO;11
CAMPO DO MEIO;11
CAMPOS ALTOS;11
CAMPOS GERAIS;11
CANA VERDE;11
CANAÃ;11
CANDEIAS;11
CANTAGALO;11
CANÁPOLIS;11
CAPARAÓ;11
CAPELA NOVA;11
CAPELINHA;11
CAPETINGA;11
CAPIM BRANCO;11
CAPINÓPOLIS;11
CAPITÃO ANDRADE;11
CAPITÃO ENÉAS;11
CAPITÓLIO;11
CAPUTIRA;11
CARANAÍBA;11
CARANDAÍ;11
CARANGOLA;11
CARATINGA;11
CARAÍ;11
CARBONITA;11
CAREAÇU;11
CARLOS CHAGAS;11
CARMO DA CACHOEIRA;11
CARMO DA MATA;11
CARMO DE MINAS;11
CARMO DO CAJURU;11
CARMO DO PARANAÍBA;11
CARMO DO RIO CLARO;11
CARMÉSIA;11
CARMÓPOLIS DE MINAS;11
CARNEIRINHO;11
CARRANCAS;11
CARVALHOS;11
CARVALHÓPOLIS;11
CASA GRANDE;11
CASCALHO RICO;11
CATAGUASES;11
CATAS ALTAS;11
CATAS ALTAS DA NORUEGA;11
CATUJI;11
CATUTI;11
CAXAMBU;11
CEDRO DO ABAETÉ;11
CENTRAL DE MINAS;11
CENTRALINA;11
CHALÉ;11
CHAPADA GAÚCHA;11
CHAPADA DO NORTE;11
CHIADOR;11
CHÁCARA;11
CIPOTÂNEA;11
CLARAVAL;11
CLARO DOS POÇÕES;11
CLÁUDIO;11
COIMBRA;11
COLUNA;11
COMADOR GOMES;11
COMERCINHO;11
CONCEIÇÃO DA APARECIDA;11
CONCEIÇÃO DA BARRA DE MINAS;11
CONCEIÇÃO DAS ALAGOAS;11
CONCEIÇÃO DAS PEDRAS;11
CONCEIÇÃO DE IPANEMA;11
CONCEIÇÃO DO MATO DENTRO;11
CONCEIÇÃO DO PARÁ;11
CONCEIÇÃO DO RIO VERDE;11
CONCEIÇÃO DOS OUROS;11
CONFINS;11
CONGONHAL;11
CONGONHAS;11
CONGONHAS DO NORTE;11
CONQUISTA;11
CONSELHEIRO LAFAIETE;11
CONSELHEIRO PENA;11
CONSOLAÇÃO;11
CONTAGEM;11
COQUEIRAL;11
CORAÇÃO DE JESUS;11
CORDISBURGO;11
CORDISLÂNDIA;11
CORINTO;11
COROACI;11
COROMANDEL;11
CORONEL FABRICIANO;11
CORONEL MURTA;11
CORONEL PACHECO;11
CORONEL XAVIER CHAVES;11
COUTO DE MAGALHÃES DE MINAS;11
CRISTAIS;11
CRISTIANO OTONI;11
CRISTINA;11
CRISTÁLIA;11
CRISÓLITA;11
CRUCILÂNDIA;11
CRUZEIRO DA FORTALEZA;11
CRUZÍLIA;11
CUPARAQUE;11
CURRAL DE DENTRO;11
CURVELO;11
CÁSSIA;11
CÓRREGO DANTA;11
CÓRREGO FUNDO;11
CÓRREGO NOVO;11
CÓRREGO DO BOM JESUS;11
CÔNEGO MARINHO;11
DATAS;11
DELFIM MOREIRA;11
DELFINÓPOLIS;11
DELTA;11
DESCOBERTO;11
DESTERRO DE ENTRE RIOS;11
DESTERRO DO MELO;11
DIAMANTINA;11
DIOGO DE VASCONCELOS;11
DIONÍSIO;11
DIVINO;11
DIVINO DAS LARANJEIRAS;11
DIVINOLÂNDIA DE MINAS;11
DIVINÉSIA;11
DIVINÓPOLIS;11
DIVISA ALEGRE;11
DIVISA NOVA;11
DIVISÓPOLIS;11
DOM BOSCO;11
DOM CAVATI;11
DOM JOAQUIM;11
DOM SILVÉRIO;11
DOM VIÇOSO;11
DONA EUSÉBIA;11
DORES DE CAMPOS;11
DORES DE GUANHÃES;11
DORES DO INDAIÁ;11
DORES DO TURVO;11
DORESÓPOLIS;11
DOURADOQUARA;11
DURANDÉ;11
ELÓI MES;11
ENGENHEIRO CALDAS;11
ENGENHEIRO NAVARRO;11
ENTRE FOLHAS;11
ENTRE RIOS DE MINAS;11
ERVÁLIA;11
ESMERALDAS;11
ESPERA FELIZ;11
ESPINOSA;11
ESPÍRITO SANTO DO DOURADO;11
ESTIVA;11
ESTRELA DALVA;11
ESTRELA DO INDAIÁ;11
ESTRELA DO SUL;11
EUGENÓPOLIS;11
EWBANK DA CÂMARA;11
EXTREMA;11
FAMA;11
FARIA LEMOS;11
FELISBURGO;11
FELIXLÂNDIA;11
FELÍCIO DOS SANTOS;11
FERNANDES TOURINHO;11
FERROS;11
FERVEDOURO;11
FLORESTAL;11
FORMIGA;11
FORMOSO;11
FORTALEZA DE MINAS;11
FORTUNA DE MINAS;11
FRANCISCO BADARÓ;11
FRANCISCO DUMONT;11
FRANCISCO SÁ;11
FRANCISCÓPOLIS;11
FREI GASPAR;11
FREI INOCÊNCIO;11
FREI LAGONEGRO;11
FRONTEIRA;11
FRONTEIRA DOS VALES;11
FRUTA DE LEITE;11
FRUTAL;11
FUNILÂNDIA;11
GALILÉIA;11
GAMELEIRAS;11
GLAUCILÂNDIA;11
GOIABEIRA;11
GOIANÁ;11
GONZAGA;11
GONÇALVES;11
GOUVEIA;11
GOVERNADOR VALADARES;11
GRUPIARA;11
GRÃO MOGOL;11
GUANHÃES;11
GUAPÉ;11
GUARACIABA;11
GUARACIAMA;11
GUARANI;11
GUARANÉSIA;11
GUARARÁ;11
GUARDA-MOR;11
GUAXUPÉ;11
GUIDOVAL;11
GUIMARÂNIA;11
GUIRICEMA;11
GURINHATÃ;11
HELIODORA;11
IAPU;11
IBERTIOGA;11
IBIAÍ;11
IBIRACATU;11
IBIRACI;11
IBIRITÉ;11
IBITIÚRA DE MINAS;11
IBITURUNA;11
IBIÁ;11
ICARAÍ DE MINAS;11
IGARAPÉ;11
IGARATINGA;11
IGUATAMA;11
IJACI;11
ILICÍNEA;11
IMBÉ DE MINAS;11
INCONFIDENTES;11
INDAIABIRA;11
INDIANÓPOLIS;11
INGAÍ;11
INHAPIM;11
INHAÚMA;11
INIMUTABA;11
IPABA;11
IPANEMA;11
IPATINGA;11
IPIAÇU;11
IPUIÚNA;11
IRAÍ DE MINAS;11
ITABIRA;11
ITABIRINHA;11
ITABIRITO;11
ITACAMBIRA;11
ITACARAMBI;11
ITAGUARA;11
ITAIPÉ;11
ITAJUBÁ;11
ITAMARANDIBA;11
ITAMARATI DE MINAS;11
ITAMBACURI;11
ITAMBÉ DO MATO DENTRO;11
ITAMOGI;11
ITAMONTE;11
ITANHANDU;11
ITANHOMI;11
ITAOBIM;11
ITAPAGIPE;11
ITAPECERICA;11
ITAPEVA;11
ITATIAIUÇU;11
ITAVERAVA;11
ITAÚ DE MINAS;11
ITAÚNA;11
ITINGA;11
ITUETA;11
ITUIUTABA;11
ITUMIRIM;11
ITURAMA;11
ITUTINGA;11
JABOTICATUBAS;11
JACINTO;11
JACUTINGA;11
JACUÍ;11
JAGUARAÇU;11
JAMPRUCA;11
JANAÚBA;11
JANUÁRIA;11
JAPARAÍBA;11
JAPONVAR;11
JAÍBA;11
JECEABA;11
JENIPAPO DE MINAS;11
JEQUERI;11
JEQUITAÍ;11
JEQUITIBÁ;11
JEQUITINHONHA;11
JESUÂNIA;11
JOANÉSIA;11
JOAQUIM FELÍCIO;11
JOAÍMA;11
JORDÂNIA;11
JOSENÓPOLIS;11
JOSÉ GONÇALVES DE MINAS;11
JOSÉ RAYDAN;11
JOÃO MONLEVADE;11
JOÃO PINHEIRO;11
JUATUBA;11
JUIZ DE FORA;11
JURAMENTO;11
JURUAIA;11
JUVENÍLIA;11
LADAINHA;11
LAGAMAR;11
LAGOA DOURADA;11
LAGOA FORMOSA;11
LAGOA GRANDE;11
LAGOA SANTA;11
LAGOA DA PRATA;11
LAGOA DOS PATOS;11
LAJINHA;11
LAMBARI;11
LAMIM;11
LARANJAL;11
LASSANCE;11
LAVRAS;11
LEANDRO FERREIRA;11
LEME DO PRADO;11
LEOPOLDINA;11
LIBERDADE;11
LIMA DUARTE;11
LIMEIRA DO OESTE;11
LONTRA;11
LUISBURGO;11
LUISLÂNDIA;11
LUMINÁRIAS;11
LUZ;11
MACHACALIS;11
MACHADO;11
MADRE DE DEUS DE MINAS;11
MALACACHETA;11
MAMONAS;11
MANGA;11
MANHUAÇU;11
MANHUMIRIM;11
MANTENA;11
MAR DE ESPANHA;11
MARAVILHAS;11
MARIA DA FÉ;11
MARIANA;11
MARILAC;11
MARIPÁ DE MINAS;11
MARLIÉRIA;11
MARMELÓPOLIS;11
MARTINHO CAMPOS;11
MARTINS SOARES;11
MATA VERDE;11
MATERLÂNDIA;11
MATEUS LEME;11
MATHIAS LOBATO;11
MATIAS BARBOSA;11
MATIAS CARDOSO;11
MATIPÓ;11
MATO VERDE;11
MATOZINHOS;11
MATUTINA;11
MEDEIROS;11
MEDINA;11
MES PIMENTEL;11
MERCÊS;11
MESQUITA;11
MINAS NOVAS;11
MINDURI;11
MIRABELA;11
MIRADOURO;11
MIRAVÂNIA;11
MIRAÍ;11
MOEDA;11
MOEMA;11
MONJOLOS;11
MONSENHOR PAULO;11
MONTALVÂNIA;11
MONTE ALEGRE DE MINAS;11
MONTE AZUL;11
MONTE BELO;11
MONTE CARMELO;11
MONTE FORMOSO;11
MONTE SANTO DE MINAS;11
MONTE SIÃO;11
MONTES CLAROS;11
MONTEZUMA;11
MORADA NOVA DE MINAS;11
MORRO DA GARÇA;11
MORRO DO PILAR;11
MUNHOZ;11
MURIAÉ;11
MUTUM;11
MUZAMBINHO;11
MÁRIO CAMPOS;11
NACIP RAYDAN;11
NANUQUE;11
NAQUE;11
NATALÂNDIA;11
NATÉRCIA;11
NAZARENO;11
NEPOMUCENO;11
NINHEIRA;11
NOVA BELÉM;11
NOVA ERA;11
NOVA LIMA;11
NOVA MÓDICA;11
NOVA PONTE;11
NOVA PORTEIRINHA;11
NOVA RESE;11
NOVA SERRANA;11
NOVA UNIÃO;11
NOVO CRUZEIRO;11
NOVO ORIENTE DE MINAS;11
NOVORIZONTE;11
OLARIA;11
OLHOS-D'ÁGUA;11
OLIVEIRA;11
OLIVEIRA FORTES;11
OLÍMPIO NORONHA;11
ONÇA DE PITANGUI;11
ORATÓRIOS;11
ORIZÂNIA;11
OURO BRANCO;11
OURO FINO;11
OURO PRETO;11
OURO VERDE DE MINAS;11
PADRE CARVALHO;11
PADRE PARAÍSO;11
PAI PEDRO;11
PAINEIRAS;11
PAINS;11
PAIVA;11
PALMA;11
PALMÓPOLIS;11
PAPAGAIOS;11
PARACATU;11
PARAGUAÇU;11
PARAISÓPOLIS;11
PARAOPEBA;11
PARÁ DE MINAS;11
PASSA QUATRO;11
PASSA TEMPO;11
PASSA-VINTE;11
PASSABÉM;11
PASSOS;11
PATIS;11
PATOS DE MINAS;11
PATROCÍNIO;11
PATROCÍNIO DO MURIAÉ;11
PAULA CÂNDIDO;11
PAULISTAS;11
PAVÃO;11
PEDRA AZUL;11
PEDRA BONITA;11
PEDRA DOURADA;11
PEDRA DO ANTA;11
PEDRA DO INDAIÁ;11
PEDRALVA;11
PEDRAS DE MARIA DA CRUZ;11
PEDRINÓPOLIS;11
PEDRO LEOPOLDO;11
PEDRO TEIXEIRA;11
PEQUERI;11
PEQUI;11
PERDIGÃO;11
PERDIZES;11
PERDÕES;11
PERIQUITO;11
PESCADOR;11
PEÇANHA;11
PIAU;11
PIEDADE DE CARATINGA;11
PIEDADE DE PONTE NOVA;11
PIEDADE DO RIO GRANDE;11
PIEDADE DOS GERAIS;11
PIMENTA;11
PINGO-D'ÁGUA;11
PINTÓPOLIS;11
PIRACEMA;11
PIRAJUBA;11
PIRANGA;11
PIRANGUINHO;11
PIRANGUÇU;11
PIRAPETINGA;11
PIRAPORA;11
PIRAÚBA;11
PITANGUI;11
PIUMHI;11
PLANURA;11
POCRANE;11
POMPÉU;11
PONTE NOVA;11
PONTO CHIQUE;11
PONTO DOS VOLANTES;11
PORTEIRINHA;11
PORTO FIRME;11
POTÉ;11
POUSO ALEGRE;11
POUSO ALTO;11
POÇO FUNDO;11
POÇOS DE CALDAS;11
PRADOS;11
PRATA;11
PRATINHA;11
PRATÁPOLIS;11
PRESIDENTE BERNARDES;11
PRESIDENTE JUSCELINO;11
PRESIDENTE KUBITSCHEK;11
PRESIDENTE OLEGÁRIO;11
PRUDENTE DE MORAIS;11
QUARTEL GERAL;11
QUELUZITO;11
RAPOSOS;11
RAUL SOARES;11
RECREIO;11
REDUTO;11
RESE COSTA;11
RESPLOR;11
RESSAQUINHA;11
RIACHINHO;11
RIACHO DOS MACHADOS;11
RIBEIRÃO VERMELHO;11
RIBEIRÃO DAS NEVES;11
RIO ACIMA;11
RIO CASCA;11
RIO DOCE;11
RIO ESPERA;11
RIO MANSO;11
RIO NOVO;11
RIO PARANAÍBA;11
RIO PARDO DE MINAS;11
RIO PIRACICABA;11
RIO POMBA;11
RIO PRETO;11
RIO VERMELHO;11
RIO DO PRADO;11
RITÁPOLIS;11
ROCHEDO DE MINAS;11
RODEIRO;11
ROMARIA;11
ROSÁRIO DA LIMEIRA;11
RUBELITA;11
RUBIM;11
SABARÁ;11
SABINÓPOLIS;11
SACRAMENTO;11
SALINAS;11
SALTO DA DIVISA;11
SANTA BÁRBARA;11
SANTA BÁRBARA DO LESTE;11
SANTA BÁRBARA DO MONTE VERDE;11
SANTA BÁRBARA DO TUGÚRIO;11
SANTA CRUZ DE MINAS;11
SANTA CRUZ DE SALINAS;11
SANTA CRUZ DO ESCALVADO;11
SANTA EFIGÊNIA DE MINAS;11
SANTA FÉ DE MINAS;11
SANTA HELENA DE MINAS;11
SANTA JULIANA;11
SANTA LUZIA;11
SANTA MARGARIDA;11
SANTA MARIA DE ITABIRA;11
SANTA MARIA DO SALTO;11
SANTA MARIA DO SUAÇUÍ;11
SANTA RITA DE CALDAS;11
SANTA RITA DE IBITIPOCA;11
SANTA RITA DE JACUTINGA;11
SANTA RITA DE MINAS;11
SANTA RITA DO ITUETO;11
SANTA RITA DO SAPUCAÍ;11
SANTA ROSA DA SERRA;11
SANTA VITÓRIA;11
SANTANA DA VARGEM;11
SANTANA DE CATAGUASES;11
SANTANA DE PIRAPAMA;11
SANTANA DO DESERTO;11
SANTANA DO GARAMBÉU;11
SANTANA DO JACARÉ;11
SANTANA DO MANHUAÇU;11
SANTANA DO PARAÍSO;11
SANTANA DO RIACHO;11
SANTANA DOS MONTES;11
SANTO ANTÔNIO DO AMPARO;11
SANTO ANTÔNIO DO AVENTUREIRO;11
SANTO ANTÔNIO DO GRAMA;11
SANTO ANTÔNIO DO ITAMBÉ;11
SANTO ANTÔNIO DO JACINTO;11
SANTO ANTÔNIO DO MONTE;11
SANTO ANTÔNIO DO RETIRO;11
SANTO ANTÔNIO DO RIO ABAIXO;11
SANTO HIPÓLITO;11
SANTOS DUMONT;11
SAPUCAÍ-MIRIM;11
SARDOÁ;11
SARZEDO;11
SEM-PEIXE;11
SENADOR AMARAL;11
SENADOR CORTES;11
SENADOR FIRMINO;11
SENADOR JOSÉ BENTO;11
SENADOR MODESTINO GONÇALVES;11
SENHORA DE OLIVEIRA;11
SENHORA DO PORTO;11
SENHORA DOS REMÉDIOS;11
SERICITA;11
SERITINGA;11
SERRA AZUL DE MINAS;11
SERRA DA SAUDADE;11
SERRA DO SALITRE;11
SERRA DOS AIMORÉS;11
SERRANIA;11
SERRANOS;11
SERRANÓPOLIS DE MINAS;11
SERRO;11
SETE LAGOAS;11
SETUBINHA;11
SILVEIRÂNIA;11
SILVIANÓPOLIS;11
SIMONÉSIA;11
SIMÃO PEREIRA;11
SOBRÁLIA;11
SOLEDADE DE MINAS;11
SÃO BENTO ABADE;11
SÃO BRÁS DO SUAÇUÍ;11
SÃO DOMINGOS DAS DORES;11
SÃO DOMINGOS DO PRATA;11
SÃO FRANCISCO;11
SÃO FRANCISCO DE PAULA;11
SÃO FRANCISCO DE SALES;11
SÃO FRANCISCO DO GLÓRIA;11
SÃO FÉLIX DE MINAS;11
SÃO GERALDO;11
SÃO GERALDO DA PIEDADE;11
SÃO GERALDO DO BAIXIO;11
SÃO GONÇALO DO ABAETÉ;11
SÃO GONÇALO DO PARÁ;11
SÃO GONÇALO DO RIO ABAIXO;11
SÃO GONÇALO DO RIO PRETO;11
SÃO GONÇALO DO SAPUCAÍ;11
SÃO GOTARDO;11
SÃO JOAQUIM DE BICAS;11
SÃO JOSÉ DA BARRA;11
SÃO JOSÉ DA LAPA;11
SÃO JOSÉ DA SAFIRA;11
SÃO JOSÉ DA VARGINHA;11
SÃO JOSÉ DO ALEGRE;11
SÃO JOSÉ DO DIVINO;11
SÃO JOSÉ DO GOIABAL;11
SÃO JOSÉ DO JACURI;11
SÃO JOSÉ DO MANTIMENTO;11
SÃO JOÃO BATISTA DO GLÓRIA;11
SÃO JOÃO EVANGELISTA;11
SÃO JOÃO NEPOMUCENO;11
SÃO JOÃO DA LAGOA;11
SÃO JOÃO DA MATA;11
SÃO JOÃO DA PONTE;11
SÃO JOÃO DAS MISSÕES;11
SÃO JOÃO DEL REI;11
SÃO JOÃO DO MANHUAÇU;11
SÃO JOÃO DO MANTENINHA;11
SÃO JOÃO DO ORIENTE;11
SÃO JOÃO DO PACUÍ;11
SÃO JOÃO DO PARAÍSO;11
SÃO LOURENÇO;11
SÃO MIGUEL DO ANTA;11
SÃO PEDRO DA UNIÃO;11
SÃO PEDRO DO SUAÇUÍ;11
SÃO PEDRO DOS FERROS;11
SÃO ROMÃO;11
SÃO ROQUE DE MINAS;11
SÃO SEBASTIÃO DA BELA VISTA;11
SÃO SEBASTIÃO DA VARGEM ALEGRE;11
SÃO SEBASTIÃO DO ANTA;11
SÃO SEBASTIÃO DO MARANHÃO;11
SÃO SEBASTIÃO DO OESTE;11
SÃO SEBASTIÃO DO PARAÍSO;11
SÃO SEBASTIÃO DO RIO PRETO;11
SÃO SEBASTIÃO DO RIO VERDE;11
SÃO THOMÉ DAS LETRAS;11
SÃO TIAGO;11
SÃO TOMÁS DE AQUINO;11
SÃO VICENTE DE MINAS;11
TABULEIRO;11
TAIOBEIRAS;11
TAPARUBA;11
TAPIRA;11
TAPIRAÍ;11
TAQUARAÇU DE MINAS;11
TARUMIRIM;11
TEIXEIRAS;11
TEÓFILO OTONI;11
TIMÓTEO;11
TIRADENTES;11
TIROS;11
TOCANTINS;11
TOCOS DO MOJI;11
TOLEDO;11
TOMBOS;11
TRÊS CORAÇÕES;11
TRÊS MARIAS;11
TRÊS PONTAS;11
TUMIRITINGA;11
TUPACIGUARA;11
TURMALINA;11
TURVOLÂNDIA;11
UBAPORANGA;11
UBAÍ;11
UBERABA;11
UBERLÂNDIA;11
UBÁ;11
UMBURATIBA;11
UNAÍ;11
UNIÃO DE MINAS;11
URUANA DE MINAS;11
URUCUIA;11
URUCÂNIA;11
VARGEM ALEGRE;11
VARGEM BONITA;11
VARGEM GRANDE DO RIO PARDO;11
VARGINHA;11
VARJÃO DE MINAS;11
VARZELÂNDIA;11
VAZANTE;11
VERDELÂNDIA;11
VEREDINHA;11
VERMELHO NOVO;11
VERÍSSIMO;11
VESPASIANO;11
VIEIRAS;11
VIRGEM DA LAPA;11
VIRGINÓPOLIS;11
VIRGOLÂNDIA;11
VIRGÍNIA;11
VISCONDE DO RIO BRANCO;11
VIÇOSA;11
VOLTA GRANDE;11
VÁRZEA DA PALMA;11
WENCESLAU BRAZ;11
ÁGUA CLARA;12
ALCINÓPOLIS;12
AMAMBAÍ;12
ANASTÁCIO;12
ANAURILÂNDIA;12
ANGÉLICA;12
ANTÔNIO JOÃO;12
APARECIDA DO TABOADO;12
AQUIDAUANA;12
ARAL MOREIRA;12
BANDEIRANTES;12
BATAGUASSU;12
BATAYPORÃ;12
BELA VISTA;12
BODOQUENA;12
BONITO;12
BRASILÂNDIA;12
CAARAPÓ;12
CAMAPUÃ;12
CAMPO GRANDE;12
CARACOL;12
CASSILÂNDIA;12
CHAPADÃO DO SUL;12
CORGUINHO;12
CORONEL SAPUCAIA;12
CORUMBÁ;12
COSTA RICA;12
COXIM;12
DEODÁPOLIS;12
DOIS IRMÃOS DO BURITI;12
DOURADINA;12
DOURADOS;12
ELDORADO;12
FIGUEIRÃO;12
FÁTIMA DO SUL;12
GLÓRIA DE DOURADOS;12
GUIA LOPES DA LAGUNA;12
IGUATEMI;12
INOCÊNCIA;12
ITAPORÃ;12
ITAQUIRAÍ;12
IVINHEMA;12
JAPORÃ;12
JARAGUARI;12
JARDIM;12
JATEÍ;12
JUTI;12
LADÁRIO;12
LAGUNA CARAPÃ;12
MARACAJU;12
MIRANDA;12
MUNDO NOVO;12
NAVIRAÍ;12
NIOAQUE;12
NOVA ALVORADA DO SUL;12
NOVA ANDRADINA;12
NOVO HORIZONTE DO SUL;12
PARANAÍBA;12
PARANHOS;12
PEDRO GOMES;12
PONTA PORÃ;12
PORTO MURTINHO;12
RIBAS DO RIO PARDO;12
RIO BRILHANTE;12
RIO NEGRO;12
RIO VERDE DE MATO GROSSO;12
ROCHEDO;12
SANTA RITA DO PARDO;12
SELVÍRIA;12
SETE QUEDAS;12
SIDROLÂNDIA;12
SONORA;12
SÃO GABRIEL DO OESTE;12
TACURU;12
TAQUARUSSU;12
TERENOS;12
TRÊS LAGOAS;12
VICENTINA;12
ACORIZAL;13
ÁGUA BOA;13
ALTA FLORESTA;13
ALTO ARAGUAIA;13
ALTO BOA VISTA;13
ALTO GARÇAS;13
ALTO PARAGUAI;13
ALTO TAQUARI;13
APIACÁS;13
ARAGUAIANA;13
ARAGUAINHA;13
ARAPUTANGA;13
ARENÁPOLIS;13
ARIPUANÃ;13
BARRA DO BUGRES;13
BARRA DO GARÇAS;13
BARÃO DE MELGAÇO;13
BOM JESUS DO ARAGUAIA;13
BRASNORTE;13
CAMPINÁPOLIS;13
CAMPO NOVO DO PARECIS;13
CAMPO VERDE;13
CAMPOS DE JÚLIO;13
CANABRAVA DO NORTE;13
CANARANA;13
CARLINDA;13
CASTANHEIRA;13
CHAPADA DOS GUIMARÃES;13
CLÁUDIA;13
COCALINHO;13
COLNIZA;13
COLÍDER;13
COMODORO;13
CONFRESA;13
CONQUISTA D'OESTE;13
COTRIGUAÇU;13
CUIABÁ;13
CURVELÂNDIA;13
CÁCERES;13
DENISE;13
DIAMANTINO;13
DOM AQUINO;13
FELIZ NATAL;13
FIGUEIRÓPOLIS D'OESTE;13
GAÚCHA DO NORTE;13
GENERAL CARNEIRO;13
GLÓRIA D'OESTE;13
GUARANTÃ DO NORTE;13
GUIRATINGA;13
INDIAVAÍ;13
IPIRANGA DO NORTE;13
ITANHANGÁ;13
ITAÚBA;13
ITIQUIRA;13
JACIARA;13
JANGADA;13
JAURU;13
JUARA;13
JURUENA;13
JUSCIMEIRA;13
JUÍNA;13
LAMBARI D'OESTE;13
LUCAS DO RIO VERDE;13
LUCIÁRA;13
MARCELÂNDIA;13
MATUPÁ;13
MIRASSOL D'OESTE;13
NOBRES;13
NORTELÂNDIA;13
NOSSA SENHORA DO LIVRAMENTO;13
NOVA BANDEIRANTES;13
NOVA BRASILÂNDIA;13
NOVA CANAÃ DO NORTE;13
NOVA GUARITA;13
NOVA LACERDA;13
NOVA MARILÂNDIA;13
NOVA MARINGÁ;13
NOVA MONTE VERDE;13
NOVA MUTUM;13
NOVA NAZARÉ;13
NOVA OLÍMPIA;13
NOVA SANTA HELENA;13
NOVA UBIRATÃ;13
NOVA XAVANTINA;13
NOVO HORIZONTE DO NORTE;13
NOVO MUNDO;13
NOVO SANTO ANTÔNIO;13
NOVO SÃO JOAQUIM;13
PARANATINGA;13
PARANAÍTA;13
PEDRA PRETA;13
PEIXOTO DE AZEVEDO;13
PLANALTO DA SERRA;13
POCONÉ;13
PONTAL DO ARAGUAIA;13
PONTE BRANCA;13
PONTES E LACERDA;13
PORTO ALEGRE DO NORTE;13
PORTO ESPERIDIÃO;13
PORTO ESTRELA;13
PORTO DOS GAÚCHOS;13
POXORÉO;13
PRIMAVERA DO LESTE;13
QUERÊNCIA;13
RESERVA DO CABAÇAL;13
RIBEIRÃO CASCALHEIRA;13
RIBEIRÃOZINHO;13
RIO BRANCO;13
RONDOLÂNDIA;13
RONDONÓPOLIS;13
ROSÁRIO OESTE;13
SALTO DO CÉU;13
SANTA CARMEM;13
SANTA CRUZ DO XINGU;13
SANTA RITA DO TRIVELATO;13
SANTA TEREZINHA;13
SANTO AFONSO;13
SANTO ANTÔNIO DO LESTE;13
SANTO ANTÔNIO DO LEVERGER;13
SAPEZAL;13
SERRA NOVA DOURADA;13
SINOP;13
SORRISO;13
SÃO FÉLIX DO ARAGUAIA;13
SÃO JOSÉ DO POVO;13
SÃO JOSÉ DO RIO CLARO;13
SÃO JOSÉ DO XINGU;13
SÃO JOSÉ DOS QUATRO MARCOS;13
SÃO PEDRO DA CIPA;13
TABAPORÃ;13
TANGARÁ DA SERRA;13
TAPURAH;13
TERRA NOVA DO NORTE;13
TESOURO;13
TORIXORÉU;13
UNIÃO DO SUL;13
VALE DE SÃO DOMINGOS;13
VERA;13
VILA BELA DA SANTÍSSIMA TRINDADE;13
VILA RICA;13
VÁRZEA GRANDE;13
ABAETETUBA;14
ABEL FIGUEIREDO;14
ACARÁ;14
AFUÁ;14
ÁGUA AZUL DO NORTE;14
ALENQUER;14
ALMEIRIM;14
ALTAMIRA;14
ANAJÁS;14
ANANINDEUA;14
ANAPU;14
AUGUSTO CORRÊA;14
AURORA DO PARÁ;14
AVEIRO;14
BAGRE;14
BAIÃO;14
BANNACH;14
BARCARENA;14
BELTERRA;14
BELÉM;14
BENEVIDES;14
BOM JESUS DO TOCANTINS;14
BONITO;14
BRAGANÇA;14
BRASIL NOVO;14
BREJO GRANDE DO ARAGUAIA;14
BREU BRANCO;14
BREVES;14
BUJARU;14
CACHOEIRA DO ARARI;14
CACHOEIRA DO PIRIÁ;14
CAMETÁ;14
CANAÃ DOS CARAJÁS;14
CAPANEMA;14
CAPITÃO POÇO;14
CASTANHAL;14
CHAVES;14
COLARES;14
CONCEIÇÃO DO ARAGUAIA;14
CONCÓRDIA DO PARÁ;14
CUMARU DO NORTE;14
CURIONÓPOLIS;14
CURRALINHO;14
CURUÁ;14
CURUÇÁ;14
DOM ELISEU;14
ELDORADO DOS CARAJÁS;14
FARO;14
FLORESTA DO ARAGUAIA;14
GARRAFÃO DO NORTE;14
GOIANÉSIA DO PARÁ;14
GURUPÁ;14
IGARAPÉ-AÇU;14
IGARAPÉ-MIRI;14
INHANGAPI;14
IPIXUNA DO PARÁ;14
IRITUIA;14
ITAITUBA;14
ITUPIRANGA;14
JACAREACANGA;14
JACUNDÁ;14
JURUTI;14
LIMOEIRO DO AJURU;14
MAGALHÃES BARATA;14
MARABÁ;14
MARACANÃ;14
MARAPANIM;14
MARITUBA;14
MEDICILÂNDIA;14
MELGAÇO;14
MOCAJUBA;14
MOJU;14
MONTE ALEGRE;14
MUANÁ;14
MÃE DO RIO;14
NOVA ESPERANÇA DO PIRIÁ;14
NOVA IPIXUNA;14
NOVA TIMBOTEUA;14
NOVO PROGRESSO;14
NOVO REPARTIMENTO;14
ÓBIDOS;14
OEIRAS DO PARÁ;14
ORIXIMINÁ;14
OURILÂNDIA DO NORTE;14
OURÉM;14
PACAJÁ;14
PALESTINA DO PARÁ;14
PARAGOMINAS;14
PARAUAPEBAS;14
PAU D'ARCO;14
PEIXE-BOI;14
PIÇARRA;14
PLACAS;14
PONTA DE PEDRAS;14
PORTEL;14
PORTO DE MOZ;14
PRAINHA;14
PRIMAVERA;14
QUATIPURU;14
REDENÇÃO;14
RIO MARIA;14
RONDON DO PARÁ;14
RURÓPOLIS;14
SALINÓPOLIS;14
SALVATERRA;14
SANTA BÁRBARA DO PARÁ;14
SANTA CRUZ DO ARARI;14
SANTA ISABEL DO PARÁ;14
SANTA LUZIA DO PARÁ;14
SANTA MARIA DAS BARREIRAS;14
SANTA MARIA DO PARÁ;14
SANTANA DO ARAGUAIA;14
SANTARÉM;14
SANTARÉM NOVO;14
SANTO ANTÔNIO DO TAUÁ;14
SAPUCAIA;14
SENADOR JOSÉ PORFÍRIO;14
SOURE;14
SÃO CAETANO DE ODIVELAS;14
SÃO DOMINGOS DO ARAGUAIA;14
SÃO DOMINGOS DO CAPIM;14
SÃO FRANCISCO DO PARÁ;14
SÃO FÉLIX DO XINGU;14
SÃO GERALDO DO ARAGUAIA;14
SÃO JOÃO DA PONTA;14
SÃO JOÃO DE PIRABAS;14
SÃO JOÃO DO ARAGUAIA;14
SÃO MIGUEL DO GUAMÁ;14
SÃO SEBASTIÃO DA BOA VISTA;14
TAILÂNDIA;14
TERRA ALTA;14
TERRA SANTA;14
TOMÉ-AÇU;14
TRACUATEUA;14
TRAIRÃO;14
TUCUMÃ;14
TUCURUÍ;14
ULIANÓPOLIS;14
URUARÁ;14
VIGIA;14
VISEU;14
VITÓRIA DO XINGU;14
XINGUARA;14
ÁGUA BRANCA;15
AGUIAR;15
ALAGOA GRANDE;15
ALAGOA NOVA;15
ALAGOINHA;15
ALCANTIL;15
ALGODÃO DE JANDAÍRA;15
ALHANDRA;15
AMPARO;15
APARECIDA;15
ARARA;15
ARARUNA;15
ARAÇAGI;15
AREIA;15
AREIA DE BARAÚNAS;15
AREIAL;15
AROEIRAS;15
ASSUNÇÃO;15
BANANEIRAS;15
BARAÚNA;15
BARRA DE SANTA ROSA;15
BARRA DE SANTANA;15
BARRA DE SÃO MIGUEL;15
BAYEUX;15
BAÍA DA TRAIÇÃO;15
BELÉM;15
BELÉM DO BREJO DO CRUZ;15
BERNARDINO BATISTA;15
BOA VENTURA;15
BOA VISTA;15
BOM JESUS;15
BOM SUCESSO;15
BONITO DE SANTA FÉ;15
BOQUEIRÃO;15
BORBOREMA;15
BREJO DO CRUZ;15
BREJO DOS SANTOS;15
CAAPORÃ;15
CABACEIRAS;15
CABEDELO;15
CACHOEIRA DOS ÍNDIOS;15
CACIMBA DE AREIA;15
CACIMBA DE DENTRO;15
CACIMBAS;15
CAIÇARA;15
CAJAZEIRAS;15
CAJAZEIRINHAS;15
CALDAS BRANDÃO;15
CAMALAÚ;15
CAMPINA GRANDE;15
CAMPO DE SANTANA;15
CAPIM;15
CARAÚBAS;15
CARRAPATEIRA;15
CASSERENGUE;15
CATINGUEIRA;15
CATOLÉ DO ROCHA;15
CATURITÉ;15
CONCEIÇÃO;15
CONDADO;15
CONDE;15
CONGO;15
COREMAS;15
COXIXOLA;15
CRUZ DO ESPÍRITO SANTO;15
CUBATI;15
CUITEGI;15
CUITÉ;15
CUITÉ DE MAMANGUAPE;15
CURRAL VELHO;15
CURRAL DE CIMA;15
DAMIÃO;15
DESTERRO;15
DIAMANTE;15
DONA INÊS;15
DUAS ESTRADAS;15
EMAS;15
ESPERANÇA;15
FAGUNDES;15
FREI MARTINHO;15
GADO BRAVO;15
GUARABIRA;15
GURINHÉM;15
GURJÃO;15
IBIARA;15
IGARACY;15
IMACULADA;15
INGÁ;15
ITABAIANA;15
ITAPORANGA;15
ITAPOROROCA;15
ITATUBA;15
JACARAÚ;15
JERICÓ;15
JOÃO PESSOA;15
JUAREZ TÁVORA;15
JUAZEIRINHO;15
JUNCO DO SERIDÓ;15
JURIPIRANGA;15
JURU;15
LAGOA;15
LAGOA SECA;15
LAGOA DE DENTRO;15
LASTRO;15
LIVRAMENTO;15
LOGRADOURO;15
LUCENA;15
MALTA;15
MAMANGUAPE;15
MANAÍRA;15
MARCAÇÃO;15
MARI;15
MARIZÓPOLIS;15
MASSARANDUBA;15
MATARACA;15
MATINHAS;15
MATO GROSSO;15
MATURÉIA;15
MOGEIRO;15
MONTADAS;15
MONTE HOREBE;15
MONTEIRO;15
MULUNGU;15
MÃE D'ÁGUA;15
NATUBA;15
NAZAREZINHO;15
NOVA FLORESTA;15
NOVA OLINDA;15
NOVA PALMEIRA;15
OLHO D'ÁGUA;15
OLIVEDOS;15
OURO VELHO;15
PARARI;15
PASSAGEM;15
PATOS;15
PAULISTA;15
PEDRA BRANCA;15
PEDRA LAVRADA;15
PEDRAS DE FOGO;15
PEDRO RÉGIS;15
PIANCÓ;15
PICUÍ;15
PILAR;15
PILÕES;15
PILÕEZINHOS;15
PIRPIRITUBA;15
PITIMBU;15
POCINHOS;15
POMBAL;15
POÇO DANTAS;15
POÇO DE JOSÉ DE MOURA;15
PRATA;15
PRINCESA ISABEL;15
PUXINANÃ;15
QUEIMADAS;15
QUIXABÁ;15
REMÍGIO;15
RIACHO DE SANTO ANTÔNIO;15
RIACHO DOS CAVALOS;15
RIACHÃO;15
RIACHÃO DO BACAMARTE;15
RIACHÃO DO POÇO;15
RIO TINTO;15
SALGADINHO;15
SALGADO DE SÃO FÉLIX;15
SANTA CECÍLIA;15
SANTA CRUZ;15
SANTA HELENA;15
SANTA INÊS;15
SANTA LUZIA;15
SANTA RITA;15
SANTA TERESINHA;15
SANTANA DE MANGUEIRA;15
SANTANA DOS GARROTES;15
SANTARÉM;15
SANTO ANDRÉ;15
SAPÉ;15
SERIDÓ;15
SERRA BRANCA;15
SERRA GRANDE;15
SERRA REDONDA;15
SERRA DA RAIZ;15
SERRARIA;15
SERTÃOZINHO;15
SOBRADO;15
SOLEDADE;15
SOLÂNEA;15
SOSSÊGO;15
SOUSA;15
SUMÉ;15
SÃO BENTINHO;15
SÃO BENTO;15
SÃO DOMINGOS DE POMBAL;15
SÃO DOMINGOS DO CARIRI;15
SÃO FRANCISCO;15
SÃO JOSÉ DA LAGOA TAPADA;15
SÃO JOSÉ DE CAIANA;15
SÃO JOSÉ DE ESPINHARAS;15
SÃO JOSÉ DE PIRANHAS;15
SÃO JOSÉ DE PRINCESA;15
SÃO JOSÉ DO BONFIM;15
SÃO JOSÉ DO BREJO DO CRUZ;15
SÃO JOSÉ DO SABUGI;15
SÃO JOSÉ DOS CORDEIROS;15
SÃO JOSÉ DOS RAMOS;15
SÃO JOÃO DO CARIRI;15
SÃO JOÃO DO RIO DO PEIXE;15
SÃO JOÃO DO TIGRE;15
SÃO MAMEDE;15
SÃO MIGUEL DE TAIPU;15
SÃO SEBASTIÃO DE LAGOA DE ROÇA;15
SÃO SEBASTIÃO DO UMBUZEIRO;15
TAPEROÁ;15
TAVARES;15
TEIXEIRA;15
TENÓRIO;15
TRIUNFO;15
UIRAÚNA;15
UMBUZEIRO;15
VIEIRÓPOLIS;15
VISTA SERRANA;15
VÁRZEA;15
ZABELÊ;15
ABREU E LIMA;16
AFOGADOS DA INGAZEIRA;16
AFRÂNIO;16
AGRESTINA;16
ÁGUA PRETA;16
ÁGUAS BELAS;16
ALAGOINHA;16
ALIANÇA;16
ALTINHO;16
AMARAJI;16
ANGELIM;16
ARARIPINA;16
ARAÇOIABA;16
ARCOVERDE;16
BARRA DE GUABIRABA;16
BARREIROS;16
BELO JARDIM;16
BELÉM DE MARIA;16
BELÉM DE SÃO FRANCISCO;16
BETÂNIA;16
BEZERROS;16
BODOCÓ;16
BOM CONSELHO;16
BOM JARDIM;16
BONITO;16
BREJINHO;16
BREJO DA MADRE DE DEUS;16
BREJÃO;16
BUENOS AIRES;16
BUÍQUE;16
CABO DE SANTO AGOSTINHO;16
CABROBÓ;16
CACHOEIRINHA;16
CAETÉS;16
CALUMBI;16
CALÇADO;16
CAMARAGIBE;16
CAMOCIM DE SÃO FÉLIX;16
CAMUTANGA;16
CANHOTINHO;16
CAPOEIRAS;16
CARNAUBEIRA DA PENHA;16
CARNAÍBA;16
CARPINA;16
CARUARU;16
CASINHAS;16
CATE;16
CEDRO;16
CHÃ GRANDE;16
CHÃ DE ALEGRIA;16
CONDADO;16
CORRENTES;16
CORTÊS;16
CUMARU;16
CUPIRA;16
CUSTÓDIA;16
DORMENTES;16
ESCADA;16
EXU;16
FEIRA NOVA;16
FERNANDO DE NORONHA;16
FERREIROS;16
FLORES;16
FLORESTA;16
FREI MIGUELINHO;16
GAMELEIRA;16
GARANHUNS;16
GLÓRIA DO GOITÁ;16
GOIANA;16
GRANITO;16
GRAVATÁ;16
IATI;16
IBIMIRIM;16
IBIRAJUBA;16
IGARASSU;16
IGUARACI;16
ILHA DE ITAMARACÁ;16
INAJÁ;16
INGAZEIRA;16
IPOJUCA;16
IPUBI;16
ITACURUBA;16
ITAMBÉ;16
ITAPETIM;16
ITAPISSUMA;16
ITAQUITINGA;16
ITAÍBA;16
JABOATÃO DOS GUARARAPES;16
JAQUEIRA;16
JATAÚBA;16
JATOBÁ;16
JOAQUIM NABUCO;16
JOÃO ALFREDO;16
JUCATI;16
JUPI;16
JUREMA;16
LAGOA GRANDE;16
LAGOA DO CARRO;16
LAGOA DO ITAENGA;16
LAGOA DO OURO;16
LAGOA DOS GATOS;16
LAJEDO;16
LIMOEIRO;16
MACAPARANA;16
MACHADOS;16
MANARI;16
MARAIAL;16
MIRANDIBA;16
MOREILÂNDIA;16
MORENO;16
NAZARÉ DA MATA;16
OLINDA;16
OROBÓ;16
OROCÓ;16
OURICURI;16
PALMARES;16
PALMEIRINA;16
PANELAS;16
PARANATAMA;16
PARNAMIRIM;16
PASSIRA;16
PAUDALHO;16
PAULISTA;16
PEDRA;16
PESQUEIRA;16
PETROLINA;16
PETROLÂNDIA;16
POMBOS;16
POÇÃO;16
PRIMAVERA;16
QUIPAPÁ;16
QUIXABA;16
RECIFE;16
RIACHO DAS ALMAS;16
RIBEIRÃO;16
RIO FORMOSO;16
SAIRÉ;16
SALGADINHO;16
SALGUEIRO;16
SALOÁ;16
SANHARÓ;16
SANTA CRUZ;16
SANTA CRUZ DA BAIXA VERDE;16
SANTA CRUZ DO CAPIBARIBE;16
SANTA FILOMENA;16
SANTA MARIA DA BOA VISTA;16
SANTA MARIA DO CAMBUCÁ;16
SANTA TEREZINHA;16
SERRA TALHADA;16
SERRITA;16
SERTÂNIA;16
SIRINHAÉM;16
SOLIDÃO;16
SURUBIM;16
SÃO BENEDITO DO SUL;16
SÃO BENTO DO UNA;16
SÃO CAITANO;16
SÃO JOAQUIM DO MONTE;16
SÃO JOSÉ DA COROA GRANDE;16
SÃO JOSÉ DO BELMONTE;16
SÃO JOSÉ DO EGITO;16
SÃO JOÃO;16
SÃO LOURENÇO DA MATA;16
SÃO VICENTE FERRER;16
TABIRA;16
TACAIMBÓ;16
TACARATU;16
TAMANDARÉ;16
TAQUARITINGA DO NORTE;16
TEREZINHA;16
TERRA NOVA;16
TIMBAÚBA;16
TORITAMA;16
TRACUNHAÉM;16
TRINDADE;16
TRIUNFO;16
TUPANATINGA;16
TUPARETAMA;16
VENTUROSA;16
VERDEJANTE;16
VERTENTE DO LÉRIO;16
VERTENTES;16
VICÊNCIA;16
VITÓRIA DE SANTO ANTÃO;16
XEXÉU;16
ACAUÃ;17
AGRICOLÂNDIA;17
ÁGUA BRANCA;17
ALAGOINHA DO PIAUÍ;17
ALEGRETE DO PIAUÍ;17
ALTO LONGÁ;17
ALTOS;17
ALVORADA DO GURGUÉIA;17
AMARANTE;17
ANGICAL DO PIAUÍ;17
ANTÔNIO ALMEIDA;17
ANÍSIO DE ABREU;17
AROAZES;17
AROEIRAS DO ITAIM;17
ARRAIAL;17
ASSUNÇÃO DO PIAUÍ;17
AVELINO LOPES;17
BAIXA GRANDE DO RIBEIRO;17
BARRA D'ALCÂNTARA;17
BARRAS;17
BARREIRAS DO PIAUÍ;17
BARRO DURO;17
BATALHA;17
BELA VISTA DO PIAUÍ;17
BELÉM DO PIAUÍ;17
BENEDITINOS;17
BERTOLÍNIA;17
BETÂNIA DO PIAUÍ;17
BOA HORA;17
BOCAINA;17
BOM JESUS;17
BOM PRINCÍPIO DO PIAUÍ;17
BONFIM DO PIAUÍ;17
BOQUEIRÃO DO PIAUÍ;17
BRASILEIRA;17
BREJO DO PIAUÍ;17
BURITI DOS LOPES;17
BURITI DOS MONTES;17
CABECEIRAS DO PIAUÍ;17
CAJAZEIRAS DO PIAUÍ;17
CAJUEIRO DA PRAIA;17
CALDEIRÃO GRANDE DO PIAUÍ;17
CAMPINAS DO PIAUÍ;17
CAMPO ALEGRE DO FIDALGO;17
CAMPO GRANDE DO PIAUÍ;17
CAMPO LARGO DO PIAUÍ;17
CAMPO MAIOR;17
CANAVIEIRA;17
CANTO DO BURITI;17
CAPITÃO GERVÁSIO OLIVEIRA;17
CAPITÃO DE CAMPOS;17
CARACOL;17
CARAÚBAS DO PIAUÍ;17
CARIDADE DO PIAUÍ;17
CASTELO DO PIAUÍ;17
CAXINGÓ;17
COCAL;17
COCAL DE TELHA;17
COCAL DOS ALVES;17
COIVARAS;17
COLÔNIA DO GURGUÉIA;17
COLÔNIA DO PIAUÍ;17
CONCEIÇÃO DO CANINDÉ;17
CORONEL JOSÉ DIAS;17
CORRENTE;17
CRISTALÂNDIA DO PIAUÍ;17
CRISTINO CASTRO;17
CURIMATÁ;17
CURRAIS;17
CURRAL NOVO DO PIAUÍ;17
CURRALINHOS;17
DEMERVAL LOBÃO;17
DIRCEU ARCOVERDE;17
DOM EXPEDITO LOPES;17
DOM INOCÊNCIO;17
DOMINGOS MOURÃO;17
ELESBÃO VELOSO;17
ELISEU MARTINS;17
ESPERANTINA;17
FARTURA DO PIAUÍ;17
FLORES DO PIAUÍ;17
FLORESTA DO PIAUÍ;17
FLORIANO;17
FRANCINÓPOLIS;17
FRANCISCO AYRES;17
FRANCISCO MACEDO;17
FRANCISCO SANTOS;17
FRONTEIRAS;17
GEMINIANO;17
GILBUÉS;17
GUADALUPE;17
GUARIBAS;17
HUGO NAPOLEÃO;17
ILHA GRANDE;17
INHUMA;17
IPIRANGA DO PIAUÍ;17
ISAÍAS COELHO;17
ITAINÓPOLIS;17
ITAUEIRA;17
JACOBINA DO PIAUÍ;17
JAICÓS;17
JARDIM DO MULATO;17
JATOBÁ DO PIAUÍ;17
JERUMENHA;17
JOAQUIM PIRES;17
JOCA MARQUES;17
JOSÉ DE FREITAS;17
JOÃO COSTA;17
JUAZEIRO DO PIAUÍ;17
JUREMA;17
JÚLIO BORGES;17
LAGOA ALEGRE;17
LAGOA DE SÃO FRANCISCO;17
LAGOA DO BARRO DO PIAUÍ;17
LAGOA DO PIAUÍ;17
LAGOA DO SÍTIO;17
LAGOINHA DO PIAUÍ;17
LANDRI SALES;17
LUZILÂNDIA;17
LUÍS CORREIA;17
MADEIRO;17
MANOEL EMÍDIO;17
MARCOLÂNDIA;17
MARCOS PARENTE;17
MASSAPÊ DO PIAUÍ;17
MATIAS OLÍMPIO;17
MIGUEL ALVES;17
MIGUEL LEÃO;17
MILTON BRANDÃO;17
MONSENHOR GIL;17
MONSENHOR HIPÓLITO;17
MONTE ALEGRE DO PIAUÍ;17
MORRO CABEÇA NO TEMPO;17
MORRO DO CHAPÉU DO PIAUÍ;17
MURICI DOS PORTELAS;17
NAZARÉ DO PIAUÍ;17
NOSSA SENHORA DE NAZARÉ;17
NOSSA SENHORA DOS REMÉDIOS;17
NOVA SANTA RITA;17
NOVO ORIENTE DO PIAUÍ;17
NOVO SANTO ANTÔNIO;17
OEIRAS;17
OLHO D'ÁGUA DO PIAUÍ;17
PADRE MARCOS;17
PAES LANDIM;17
PAJEÚ DO PIAUÍ;17
PALMEIRA DO PIAUÍ;17
PALMEIRAIS;17
PAQUETÁ;17
PARNAGUÁ;17
PARNAÍBA;17
PASSAGEM FRANCA DO PIAUÍ;17
PATOS DO PIAUÍ;17
PAU D'ARCO DO PIAUÍ;17
PAULISTANA;17
PAVUSSU;17
PEDRO II;17
PEDRO LAURENTINO;17
PICOS;17
PIMENTEIRAS;17
PIO IX;17
PIRACURUCA;17
PIRIPIRI;17
PORTO;17
PORTO ALEGRE DO PIAUÍ;17
PRATA DO PIAUÍ;17
QUEIMADA NOVA;17
REDENÇÃO DO GURGUÉIA;17
REGENERAÇÃO;17
RIACHO FRIO;17
RIBEIRA DO PIAUÍ;17
RIBEIRO GONÇALVES;17
RIO GRANDE DO PIAUÍ;17
SANTA CRUZ DO PIAUÍ;17
SANTA CRUZ DOS MILAGRES;17
SANTA FILOMENA;17
SANTA LUZ;17
SANTA ROSA DO PIAUÍ;17
SANTANA DO PIAUÍ;17
SANTO ANTÔNIO DE LISBOA;17
SANTO ANTÔNIO DOS MILAGRES;17
SANTO INÁCIO DO PIAUÍ;17
SEBASTIÃO BARROS;17
SEBASTIÃO LEAL;17
SIGEFREDO PACHECO;17
SIMPLÍCIO MES;17
SIMÕES;17
SOCORRO DO PIAUÍ;17
SUSSUAPARA;17
SÃO BRAZ DO PIAUÍ;17
SÃO FRANCISCO DE ASSIS DO PIAUÍ;17
SÃO FRANCISCO DO PIAUÍ;17
SÃO FÉLIX DO PIAUÍ;17
SÃO GONÇALO DO GURGUÉIA;17
SÃO GONÇALO DO PIAUÍ;17
SÃO JOSÉ DO DIVINO;17
SÃO JOSÉ DO PEIXE;17
SÃO JOSÉ DO PIAUÍ;17
SÃO JOÃO DA CANABRAVA;17
SÃO JOÃO DA FRONTEIRA;17
SÃO JOÃO DA SERRA;17
SÃO JOÃO DA VARJOTA;17
SÃO JOÃO DO ARRAIAL;17
SÃO JOÃO DO PIAUÍ;17
SÃO JULIÃO;17
SÃO LOURENÇO DO PIAUÍ;17
SÃO LUIS DO PIAUÍ;17
SÃO MIGUEL DA BAIXA GRANDE;17
SÃO MIGUEL DO FIDALGO;17
SÃO MIGUEL DO TAPUIO;17
SÃO PEDRO DO PIAUÍ;17
SÃO RAIMUNDO NONATO;17
TAMBORIL DO PIAUÍ;17
TANQUE DO PIAUÍ;17
TERESINA;17
UNIÃO;17
URUÇUÍ;17
VALENÇA DO PIAUÍ;17
VERA MES;17
VILA NOVA DO PIAUÍ;17
VÁRZEA BRANCA;17
VÁRZEA GRANDE;17
WALL FERRAZ;17
ABATIÁ;18
ADRIANÓPOLIS;18
AGUDOS DO SUL;18
ALMIRANTE TAMANDARÉ;18
ALTAMIRA DO PARANÁ;18
ALTO PARANÁ;18
ALTO PARAÍSO;18
ALTO PIQUIRI;18
ALTÔNIA;18
ALVORADA DO SUL;18
AMAPORÃ;18
AMPÉRE;18
ANAHY;18
ANDIRÁ;18
ÂNGULO;18
ANTONINA;18
ANTÔNIO OLINTO;18
APUCARANA;18
ARAPONGAS;18
ARAPOTI;18
ARAPUÃ;18
ARARUNA;18
ARAUCÁRIA;18
ARIRANHA DO IVAÍ;18
ASSAÍ;18
ASSIS CHATEAUBRIAND;18
ASTORGA;18
ATALAIA;18
BALSA NOVA;18
BANDEIRANTES;18
BARBOSA FERRAZ;18
BARRA DO JACARÉ;18
BARRACÃO;18
BELA VISTA DA CAROBA;18
BELA VISTA DO PARAÍSO;18
BITURUNA;18
BOA ESPERANÇA;18
BOA ESPERANÇA DO IGUAÇU;18
BOA VENTURA DE SÃO ROQUE;18
BOA VISTA DA APARECIDA;18
BOCAIÚVA DO SUL;18
BOM JESUS DO SUL;18
BOM SUCESSO;18
BOM SUCESSO DO SUL;18
BORRAZÓPOLIS;18
BRAGANEY;18
BRASILÂNDIA DO SUL;18
CAFEARA;18
CAFELÂNDIA;18
CAFEZAL DO SUL;18
CALIFÓRNIA;18
CAMBARÁ;18
CAMBIRA;18
CAMBÉ;18
CAMPINA GRANDE DO SUL;18
CAMPINA DA LAGOA;18
CAMPINA DO SIMÃO;18
CAMPO BONITO;18
CAMPO LARGO;18
CAMPO MAGRO;18
CAMPO MOURÃO;18
CAMPO DO TENENTE;18
CANDÓI;18
CANTAGALO;18
CAPANEMA;18
CAPITÃO LEÔNIDAS MARQUES;18
CARAMBEÍ;18
CARLÓPOLIS;18
CASCAVEL;18
CASTRO;18
CATANDUVAS;18
CENTENÁRIO DO SUL;18
CERRO AZUL;18
CHOPINZINHO;18
CIANORTE;18
CIDADE GAÚCHA;18
CLEVELÂNDIA;18
COLOMBO;18
COLORADO;18
CONGONHINHAS;18
CONSELHEIRO MAIRINCK;18
CONTA;18
CORBÉLIA;18
CORNÉLIO PROCÓPIO;18
CORONEL DOMINGOS SOARES;18
CORONEL VIVIDA;18
CORUMBATAÍ DO SUL;18
CRUZ MACHADO;18
CRUZEIRO DO IGUAÇU;18
CRUZEIRO DO OESTE;18
CRUZEIRO DO SUL;18
CRUZMALTINA;18
CURITIBA;18
CURIÚVA;18
CÂNDIDO DE ABREU;18
CÉU AZUL;18
DIAMANTE D'OESTE;18
DIAMANTE DO NORTE;18
DIAMANTE DO SUL;18
DOIS VIZINHOS;18
DOURADINA;18
DOUTOR CAMARGO;18
DOUTOR ULYSSES;18
ENGENHEIRO BELTRÃO;18
ENTRE RIOS DO OESTE;18
ENÉAS MARQUES;18
ESPERANÇA NOVA;18
ESPIGÃO ALTO DO IGUAÇU;18
FAROL;18
FAXINAL;18
FAZA RIO GRANDE;18
FERNANDES PINHEIRO;18
FIGUEIRA;18
FLOR DA SERRA DO SUL;18
FLORAÍ;18
FLORESTA;18
FLORESTÓPOLIS;18
FLÓRIDA;18
FORMOSA DO OESTE;18
FOZ DO IGUAÇU;18
FOZ DO JORDÃO;18
FRANCISCO ALVES;18
FRANCISCO BELTRÃO;18
FÊNIX;18
GENERAL CARNEIRO;18
GODOY MOREIRA;18
GOIOERÊ;18
GOIOXIM;18
GRANDES RIOS;18
GUAIRAÇÁ;18
GUAMIRANGA;18
GUAPIRAMA;18
GUAPOREMA;18
GUARACI;18
GUARANIAÇU;18
GUARAPUAVA;18
GUARAQUEÇABA;18
GUARATUBA;18
GUAÍRA;18
HONÓRIO SERPA;18
IBAITI;18
IBEMA;18
IBIPORÃ;18
ICARAÍMA;18
IGUARAÇU;18
IGUATU;18
IMBAÚ;18
IMBITUVA;18
INAJÁ;18
INDIANÓPOLIS;18
INÁCIO MARTINS;18
IPIRANGA;18
IPORÃ;18
IRACEMA DO OESTE;18
IRATI;18
IRETAMA;18
ITAGUAJÉ;18
ITAIPULÂNDIA;18
ITAMBARACÁ;18
ITAMBÉ;18
ITAPEJARA D'OESTE;18
ITAPERUÇU;18
ITAÚNA DO SUL;18
IVAIPORÃ;18
IVATUBA;18
IVATÉ;18
IVAÍ;18
JABOTI;18
JACAREZINHO;18
JAGUAPITÃ;18
JAGUARIAÍVA;18
JANDAIA DO SUL;18
JANIÓPOLIS;18
JAPIRA;18
JAPURÁ;18
JARDIM ALEGRE;18
JARDIM OLINDA;18
JATAIZINHO;18
JESUÍTAS;18
JOAQUIM TÁVORA;18
JUNDIAÍ DO SUL;18
JURANDA;18
JUSSARA;18
KALORÉ;18
LAPA;18
LARANJAL;18
LARANJEIRAS DO SUL;18
LEÓPOLIS;18
LIDIANÓPOLIS;18
LINDOESTE;18
LOANDA;18
LOBATO;18
LONDRINA;18
LUIZIANA;18
LUNARDELLI;18
LUPIONÓPOLIS;18
MALLET;18
MAMBORÊ;18
MANDAGUARI;18
MANDAGUAÇU;18
MANDIRITUBA;18
MANFRINÓPOLIS;18
MANGUEIRINHA;18
MANOEL RIBAS;18
MARECHAL CÂNDIDO RONDON;18
MARIA HELENA;18
MARIALVA;18
MARILENA;18
MARILUZ;18
MARILÂNDIA DO SUL;18
MARINGÁ;18
MARIPÁ;18
MARIÓPOLIS;18
MARMELEIRO;18
MARQUINHO;18
MARUMBI;18
MATELÂNDIA;18
MATINHOS;18
MATO RICO;18
MAUÁ DA SERRA;18
MEDIANEIRA;18
MERCEDES;18
MIRADOR;18
MIRASELVA;18
MISSAL;18
MOREIRA SALES;18
MORRETES;18
MUNHOZ DE MELO;18
NOSSA SENHORA DAS GRAÇAS;18
NOVA ALIANÇA DO IVAÍ;18
NOVA AMÉRICA DA COLINA;18
NOVA AURORA;18
NOVA CANTU;18
NOVA ESPERANÇA;18
NOVA ESPERANÇA DO SUDOESTE;18
NOVA FÁTIMA;18
NOVA LARANJEIRAS;18
NOVA LONDRINA;18
NOVA OLÍMPIA;18
NOVA PRATA DO IGUAÇU;18
NOVA SANTA BÁRBARA;18
NOVA SANTA ROSA;18
NOVA TEBAS;18
NOVO ITACOLOMI;18
ORTIGUEIRA;18
OURIZONA;18
OURO VERDE DO OESTE;18
PAIÇANDU;18
PALMAS;18
PALMEIRA;18
PALMITAL;18
PALOTINA;18
PARANACITY;18
PARANAGUÁ;18
PARANAPOEMA;18
PARANAVAÍ;18
PARAÍSO DO NORTE;18
PATO BRAGADO;18
PATO BRANCO;18
PAULA FREITAS;18
PAULO FRONTIN;18
PEABIRU;18
PEROBAL;18
PINHAIS;18
PINHAL DE SÃO BENTO;18
PINHALÃO;18
PINHÃO;18
PIRAQUARA;18
PIRAÍ DO SUL;18
PITANGA;18
PITANGUEIRAS;18
PIÊN;18
PLANALTINA DO PARANÁ;18
PLANALTO;18
PONTA GROSSA;18
PONTAL DO PARANÁ;18
PORECATU;18
PORTO AMAZONAS;18
PORTO BARREIRO;18
PORTO RICO;18
PORTO VITÓRIA;18
PRADO FERREIRA;18
PRANCHITA;18
PRESIDENTE CASTELO BRANCO;18
PRIMEIRO DE MAIO;18
PRUDENTÓPOLIS;18
PÉROLA;18
PÉROLA D'OESTE;18
QUARTO CENTENÁRIO;18
QUATIGUÁ;18
QUATRO BARRAS;18
QUATRO PONTES;18
QUEDAS DO IGUAÇU;18
QUERÊNCIA DO NORTE;18
QUINTA DO SOL;18
QUITANDINHA;18
RAMILÂNDIA;18
RANCHO ALEGRE;18
RANCHO ALEGRE D'OESTE;18
REALEZA;18
REBOUÇAS;18
RENASCENÇA;18
RESERVA;18
RESERVA DO IGUAÇU;18
RIBEIRÃO CLARO;18
RIBEIRÃO DO PINHAL;18
RIO AZUL;18
RIO BOM;18
RIO BONITO DO IGUAÇU;18
RIO BRANCO DO IVAÍ;18
RIO BRANCO DO SUL;18
RIO NEGRO;18
ROLÂNDIA;18
RONCADOR;18
RONDON;18
ROSÁRIO DO IVAÍ;18
SABÁUDIA;18
SALGADO FILHO;18
SALTO DO ITARARÉ;18
SALTO DO LONTRA;18
SANTA AMÉLIA;18
SANTA CECÍLIA DO PAVÃO;18
SANTA CRUZ DE MONTE CASTELO;18
SANTA FÉ;18
SANTA HELENA;18
SANTA INÊS;18
SANTA ISABEL DO IVAÍ;18
SANTA IZABEL DO OESTE;18
SANTA LÚCIA;18
SANTA MARIA DO OESTE;18
SANTA MARIANA;18
SANTA MÔNICA;18
SANTA TEREZA DO OESTE;18
SANTA TEREZINHA DE ITAIPU;18
SANTANA DO ITARARÉ;18
SANTO ANTÔNIO DA PLATINA;18
SANTO ANTÔNIO DO CAIUÁ;18
SANTO ANTÔNIO DO PARAÍSO;18
SANTO ANTÔNIO DO SUDOESTE;18
SANTO INÁCIO;18
SAPOPEMA;18
SARANDI;18
SAUDADE DO IGUAÇU;18
SENGÉS;18
SERRANÓPOLIS DO IGUAÇU;18
SERTANEJA;18
SERTANÓPOLIS;18
SIQUEIRA CAMPOS;18
SULINA;18
SÃO CARLOS DO IVAÍ;18
SÃO JERÔNIMO DA SERRA;18
SÃO JORGE D'OESTE;18
SÃO JORGE DO IVAÍ;18
SÃO JORGE DO PATROCÍNIO;18
SÃO JOSÉ DA BOA VISTA;18
SÃO JOSÉ DAS PALMEIRAS;18
SÃO JOSÉ DOS PINHAIS;18
SÃO JOÃO;18
SÃO JOÃO DO CAIUÁ;18
SÃO JOÃO DO IVAÍ;18
SÃO JOÃO DO TRIUNFO;18
SÃO MANOEL DO PARANÁ;18
SÃO MATEUS DO SUL;18
SÃO MIGUEL DO IGUAÇU;18
SÃO PEDRO DO IGUAÇU;18
SÃO PEDRO DO IVAÍ;18
SÃO PEDRO DO PARANÁ;18
SÃO SEBASTIÃO DA AMOREIRA;18
SÃO TOMÉ;18
TAMARANA;18
TAMBOARA;18
TAPEJARA;18
TAPIRA;18
TEIXEIRA SOARES;18
TELÊMACO BORBA;18
TERRA BOA;18
TERRA RICA;18
TERRA ROXA;18
TIBAGI;18
TIJUCAS DO SUL;18
TOLEDO;18
TOMAZINA;18
TRÊS BARRAS DO PARANÁ;18
TUNAS DO PARANÁ;18
TUNEIRAS DO OESTE;18
TUPÃSSI;18
TURVO;18
UBIRATÃ;18
UMUARAMA;18
UNIFLOR;18
UNIÃO DA VITÓRIA;18
URAÍ;18
VENTANIA;18
VERA CRUZ DO OESTE;18
VERÊ;18
VIRMOND;18
VITORINO;18
WENCESLAU BRAZ;18
XAMBRÊ;18
ANGRA DOS REIS;19
APERIBÉ;19
ARARUAMA;19
AREAL;19
ARMAÇÃO DOS BÚZIOS;19
ARRAIAL DO CABO;19
BARRA MANSA;19
BARRA DO PIRAÍ;19
BELFORD ROXO;19
BOM JARDIM;19
BOM JESUS DO ITABAPOANA;19
CABO FRIO;19
CACHOEIRAS DE MACACU;19
CAMBUCI;19
CAMPOS DOS GOYTACAZES;19
CANTAGALO;19
CARAPEBUS;19
CARDOSO MOREIRA;19
CARMO;19
CASIMIRO DE ABREU;19
COMADOR LEVY GASPARIAN;19
CONCEIÇÃO DE MACABU;19
CORDEIRO;19
DUAS BARRAS;19
DUQUE DE CAXIAS;19
ENGENHEIRO PAULO DE FRONTIN;19
GUAPIMIRIM;19
IGUABA GRANDE;19
ITABORAÍ;19
ITAGUAÍ;19
ITALVA;19
ITAOCARA;19
ITAPERUNA;19
ITATIAIA;19
JAPERI;19
LAJE DO MURIAÉ;19
MACAÉ;19
MACUCO;19
MAGÉ;19
MANGARATIBA;19
MARICÁ;19
MES;19
MESQUITA;19
MIGUEL PEREIRA;19
MIRACEMA;19
NATIVIDADE;19
NILÓPOLIS;19
NITERÓI;19
NOVA FRIBURGO;19
NOVA IGUAÇU;19
PARACAMBI;19
PARATI;19
PARAÍBA DO SUL;19
PATY DO ALFERES;19
PETRÓPOLIS;19
PINHEIRAL;19
PIRAÍ;19
PORCIÚNCULA;19
PORTO REAL;19
QUATIS;19
QUEIMADOS;19
QUISSAMÃ;19
RESE;19
RIO BONITO;19
RIO CLARO;19
RIO DAS FLORES;19
RIO DAS OSTRAS;19
RIO DE JANEIRO;19
SANTA MARIA MADALENA;19
SANTO ANTÔNIO DE PÁDUA;19
SAPUCAIA;19
SAQUAREMA;19
SEROPÉDICA;19
SILVA JARDIM;19
SUMIDOURO;19
SÃO FIDÉLIS;19
SÃO FRANCISCO DE ITABAPOANA;19
SÃO GONÇALO;19
SÃO JOSÉ DE UBÁ;19
SÃO JOSÉ DO VALE DO RIO PRETO;19
SÃO JOÃO DA BARRA;19
SÃO JOÃO DE MERITI;19
SÃO PEDRO DA ALDEIA;19
SÃO SEBASTIÃO DO ALTO;19
TANGUÁ;19
TERESÓPOLIS;19
TRAJANO DE MORAIS;19
TRÊS RIOS;19
VALENÇA;19
VARRE-SAI;19
VASSOURAS;19
VOLTA REDONDA;19
ACARI;20
AÇU;20
AFONSO BEZERRA;20
ÁGUA NOVA;20
ALEXANDRIA;20
ALMINO AFONSO;20
ALTO DO RODRIGUES;20
ANGICOS;20
ANTÔNIO MARTINS;20
APODI;20
AREIA BRANCA;20
ARÊS;20
AUGUSTO SEVERO;20
BARAÚNA;20
BARCELONA;20
BAÍA FORMOSA;20
BENTO FERNANDES;20
BODÓ;20
BOM JESUS;20
BREJINHO;20
CAICÓ;20
CAIÇARA DO NORTE;20
CAIÇARA DO RIO DO VENTO;20
CAMPO REDONDO;20
CANGUARETAMA;20
CARAÚBAS;20
CARNAUBAIS;20
CARNAÚBA DOS DANTAS;20
CEARÁ-MIRIM;20
CERRO CORÁ;20
CORONEL EZEQUIEL;20
CORONEL JOÃO PESSOA;20
CRUZETA;20
CURRAIS NOVOS;20
DOUTOR SEVERIANO;20
ENCANTO;20
EQUADOR;20
ESPÍRITO SANTO;20
EXTREMOZ;20
FELIPE GUERRA;20
FERNANDO PEDROZA;20
FLORÂNIA;20
FRANCISCO DANTAS;20
FRUTUOSO GOMES;20
GALINHOS;20
GOIANINHA;20
GOVERNADOR DIX-SEPT ROSADO;20
GROSSOS;20
GUAMARÉ;20
IELMO MARINHO;20
IPANGUAÇU;20
IPUEIRA;20
ITAJÁ;20
ITAÚ;20
JANDAÍRA;20
JANDUÍS;20
JANUÁRIO CICCO;20
JAPI;20
JARDIM DE ANGICOS;20
JARDIM DE PIRANHAS;20
JARDIM DO SERIDÓ;20
JAÇANÃ;20
JOSÉ DA PENHA;20
JOÃO CÂMARA;20
JOÃO DIAS;20
JUCURUTU;20
JUNDIÁ;20
LAGOA NOVA;20
LAGOA SALGADA;20
LAGOA D'ANTA;20
LAGOA DE PEDRAS;20
LAGOA DE VELHOS;20
LAJES;20
LAJES PINTADAS;20
LUCRÉCIA;20
LUÍS GOMES;20
MACAU;20
MACAÍBA;20
MAJOR SALES;20
MARCELINO VIEIRA;20
MARTINS;20
MAXARANGUAPE;20
MESSIAS TARGINO;20
MONTANHAS;20
MONTE ALEGRE;20
MONTE DAS GAMELEIRAS;20
MOSSORÓ;20
NATAL;20
NOVA CRUZ;20
NÍSIA FLORESTA;20
OLHO-D'ÁGUA DO BORGES;20
OURO BRANCO;20
PARANÁ;20
PARAZINHO;20
PARAÚ;20
PARELHAS;20
PARNAMIRIM;20
PASSA E FICA;20
PASSAGEM;20
PATU;20
PAU DOS FERROS;20
PEDRA GRANDE;20
PEDRA PRETA;20
PEDRO AVELINO;20
PEDRO VELHO;20
PÊNCIAS;20
PILÕES;20
PORTALEGRE;20
PORTO DO MANGUE;20
POÇO BRANCO;20
PRESIDENTE JUSCELINO;20
PUREZA;20
RAFAEL FERNANDES;20
RAFAEL GODEIRO;20
RIACHO DA CRUZ;20
RIACHO DE SANTANA;20
RIACHUELO;20
RIO DO FOGO;20
RODOLFO FERNANDES;20
RUY BARBOSA;20
SANTA CRUZ;20
SANTA MARIA;20
SANTANA DO MATOS;20
SANTANA DO SERIDÓ;20
SANTO ANTÔNIO;20
SENADOR ELÓI DE SOUZA;20
SENADOR GEORGINO AVELINO;20
SERRA NEGRA DO NORTE;20
SERRA DE SÃO BENTO;20
SERRA DO MEL;20
SERRINHA;20
SERRINHA DOS PINTOS;20
SEVERIANO MELO;20
SÃO BENTO DO NORTE;20
SÃO BENTO DO TRAIRÍ;20
SÃO FERNANDO;20
SÃO FRANCISCO DO OESTE;20
SÃO GONÇALO DO AMARANTE;20
SÃO JOSÉ DE MIPIBU;20
SÃO JOSÉ DO CAMPESTRE;20
SÃO JOSÉ DO SERIDÓ;20
SÃO JOÃO DO SABUGI;20
SÃO MIGUEL;20
SÃO MIGUEL DO GOSTOSO;20
SÃO PAULO DO POTENGI;20
SÃO PEDRO;20
SÃO RAFAEL;20
SÃO TOMÉ;20
SÃO VICENTE;20
SÍTIO NOVO;20
TABOLEIRO GRANDE;20
TAIPU;20
TANGARÁ;20
TENENTE ANANIAS;20
TENENTE LAURENTINO CRUZ;20
TIBAU;20
TIBAU DO SUL;20
TIMBAÚBA DOS BATISTAS;20
TOUROS;20
TRIUNFO POTIGUAR;20
UMARIZAL;20
UPANEMA;20
VENHA-VER;20
VERA CRUZ;20
VILA FLOR;20
VIÇOSA;20
VÁRZEA;20
ALTA FLORESTA D'OESTE;21
ALTO ALEGRE DOS PARECIS;21
ALTO PARAÍSO;21
ALVORADA D'OESTE;21
ARIQUEMES;21
BURITIS;21
CABIXI;21
CACAULÂNDIA;21
CACOAL;21
CAMPO NOVO DE RONDÔNIA;21
CANDEIAS DO JAMARI;21
CASTANHEIRAS;21
CEREJEIRAS;21
CHUPINGUAIA;21
COLORADO DO OESTE;21
CORUMBIARA;21
COSTA MARQUES;21
CUJUBIM;21
ESPIGÃO D'OESTE;21
GOVERNADOR JORGE TEIXEIRA;21
GUAJARÁ-MIRIM;21
ITAPUÃ DO OESTE;21
JARU;21
JI-PARANÁ;21
MACHADINHO D'OESTE;21
MINISTRO ANDREAZZA;21
MIRANTE DA SERRA;21
MONTE NEGRO;21
NOVA BRASILÂNDIA D'OESTE;21
NOVA MAMORÉ;21
NOVA UNIÃO;21
NOVO HORIZONTE DO OESTE;21
OURO PRETO DO OESTE;21
PARECIS;21
PIMENTA BUENO;21
PIMENTEIRAS DO OESTE;21
PORTO VELHO;21
PRESIDENTE MÉDICI;21
PRIMAVERA DE RONDÔNIA;21
RIO CRESPO;21
ROLIM DE MOURA;21
SANTA LUZIA D'OESTE;21
SERINGUEIRAS;21
SÃO FELIPE D'OESTE;21
SÃO FRANCISCO DO GUAPORÉ;21
SÃO MIGUEL DO GUAPORÉ;21
TEIXEIRÓPOLIS;21
THEOBROMA;21
URUPÁ;21
VALE DO ANARI;21
VALE DO PARAÍSO;21
VILHENA;21
ALTO ALEGRE;22
AMAJARI;22
BOA VISTA;22
BONFIM;22
CANTÁ;22
CARACARAÍ;22
CAROEBE;22
IRACEMA;22
MUCAJAÍ;22
NORMANDIA;22
PACARAIMA;22
RORAINÓPOLIS;22
SÃO JOÃO DA BALIZA;22
SÃO LUIZ;22
UIRAMUTÃ;22
ACEGUÁ;23
ÁGUA SANTA;23
AGUDO;23
AJURICABA;23
ALECRIM;23
ALEGRETE;23
ALEGRIA;23
ALMIRANTE TAMANDARÉ DO SUL;23
ALPESTRE;23
ALTO ALEGRE;23
ALTO FELIZ;23
ALVORADA;23
AMARAL FERRADOR;23
AMETISTA DO SUL;23
ANDRÉ DA ROCHA;23
ANTA GORDA;23
ANTÔNIO PRADO;23
ARAMBARÉ;23
ARARICÁ;23
ARATIBA;23
ARROIO GRANDE;23
ARROIO DO MEIO;23
ARROIO DO PADRE;23
ARROIO DO SAL;23
ARROIO DO TIGRE;23
ARROIO DOS RATOS;23
ARVOREZINHA;23
AUGUSTO PESTANA;23
ÁUREA;23
BAGÉ;23
BALNEÁRIO PINHAL;23
BARRA FUNDA;23
BARRA DO GUARITA;23
BARRA DO QUARAÍ;23
BARRA DO RIBEIRO;23
BARRA DO RIO AZUL;23
BARRACÃO;23
BARROS CASSAL;23
BARÃO;23
BARÃO DE COTEGIPE;23
BARÃO DO TRIUNFO;23
BENJAMIN CONSTANT DO SUL;23
BENTO GONÇALVES;23
BOA VISTA DAS MISSÕES;23
BOA VISTA DO BURICÁ;23
BOA VISTA DO CADEADO;23
BOA VISTA DO INCRA;23
BOA VISTA DO SUL;23
BOM JESUS;23
BOM PRINCÍPIO;23
BOM PROGRESSO;23
BOM RETIRO DO SUL;23
BOQUEIRÃO DO LEÃO;23
BOSSOROCA;23
BOZANO;23
BRAGA;23
BROCHIER;23
BUTIÁ;23
CACEQUI;23
CACHOEIRA DO SUL;23
CACHOEIRINHA;23
CACIQUE DOBLE;23
CAIBATÉ;23
CAIÇARA;23
CAMAQUÃ;23
CAMARGO;23
CAMBARÁ DO SUL;23
CAMPESTRE DA SERRA;23
CAMPINA DAS MISSÕES;23
CAMPINAS DO SUL;23
CAMPO BOM;23
CAMPO NOVO;23
CAMPOS BORGES;23
CANDELÁRIA;23
CANDIOTA;23
CANELA;23
CANGUÇU;23
CANOAS;23
CANUDOS DO VALE;23
CAPELA DE SANTANA;23
CAPITÃO;23
CAPIVARI DO SUL;23
CAPÃO BONITO DO SUL;23
CAPÃO DA CANOA;23
CAPÃO DO CIPÓ;23
CAPÃO DO LEÃO;23
CARAZINHO;23
CARAÁ;23
CARLOS BARBOSA;23
CARLOS GOMES;23
CASCA;23
CASEIROS;23
CATUÍPE;23
CAXIAS DO SUL;23
CAÇAPAVA DO SUL;23
CENTENÁRIO;23
CERRITO;23
CERRO BRANCO;23
CERRO GRANDE;23
CERRO GRANDE DO SUL;23
CERRO LARGO;23
CHAPADA;23
CHARQUEADAS;23
CHARRUA;23
CHIAPETTA;23
CHUVISCA;23
CHUÍ;23
CIDREIRA;23
CIRÍACO;23
COLINAS;23
COLORADO;23
CONDOR;23
CONSTANTINA;23
COQUEIRO BAIXO;23
COQUEIROS DO SUL;23
CORONEL BARROS;23
CORONEL BICACO;23
CORONEL PILAR;23
COTIPORÃ;23
COXILHA;23
CRISSIUMAL;23
CRISTAL;23
CRISTAL DO SUL;23
CRUZ ALTA;23
CRUZALTENSE;23
CRUZEIRO DO SUL;23
CÂNDIDO GODÓI;23
DAVID CANABARRO;23
DERRUBADAS;23
DEZESSEIS DE NOVEMBRO;23
DILERMANDO DE AGUIAR;23
DOIS IRMÃOS;23
DOIS IRMÃOS DAS MISSÕES;23
DOIS LAJEADOS;23
DOM FELICIANO;23
DOM PEDRITO;23
DOM PEDRO DE ALCÂNTARA;23
DONA FRANCISCA;23
DOUTOR MAURÍCIO CARDOSO;23
DOUTOR RICARDO;23
ELDORADO DO SUL;23
ENCANTADO;23
ENCRUZILHADA DO SUL;23
ENGENHO VELHO;23
ENTRE RIOS DO SUL;23
ENTRE-IJUÍS;23
EREBANGO;23
ERECHIM;23
ERNESTINA;23
ERVAL GRANDE;23
ERVAL SECO;23
ESMERALDA;23
ESPERANÇA DO SUL;23
ESPUMOSO;23
ESTAÇÃO;23
ESTEIO;23
ESTRELA;23
ESTRELA VELHA;23
ESTÂNCIA VELHA;23
EUGÊNIO DE CASTRO;23
FAGUNDES VARELA;23
FARROUPILHA;23
FAXINAL DO SOTURNO;23
FAXINALZINHO;23
FAZA VILANOVA;23
FELIZ;23
FLORES DA CUNHA;23
FLORIANO PEIXOTO;23
FONTOURA XAVIER;23
FORMIGUEIRO;23
FORQUETINHA;23
FORTALEZA DOS VALOS;23
FREDERICO WESTPHALEN;23
GARIBALDI;23
GARRUCHOS;23
GAURAMA;23
GENERAL CÂMARA;23
GENTIL;23
GETÚLIO VARGAS;23
GIRUÁ;23
GLORINHA;23
GRAMADO;23
GRAMADO XAVIER;23
GRAMADO DOS LOUREIROS;23
GRAVATAÍ;23
GUABIJU;23
GUAPORÉ;23
GUARANI DAS MISSÕES;23
GUAÍBA;23
HARMONIA;23
HERVAL;23
HERVEIRAS;23
HORIZONTINA;23
HULHA NEGRA;23
HUMAITÁ;23
IBARAMA;23
IBIAÇÁ;23
IBIRAIARAS;23
IBIRAPUITÃ;23
IBIRUBÁ;23
IGREJINHA;23
IJUÍ;23
ILÓPOLIS;23
IMBÉ;23
IMIGRANTE;23
INDEPÊNCIA;23
INHACORÁ;23
IPIRANGA DO SUL;23
IPÊ;23
IRAÍ;23
ITAARA;23
ITACURUBI;23
ITAPUCA;23
ITAQUI;23
ITATI;23
ITATIBA DO SUL;23
IVORÁ;23
IVOTI;23
JABOTICABA;23
JACUIZINHO;23
JACUTINGA;23
JAGUARI;23
JAGUARÃO;23
JAQUIRANA;23
JARI;23
JÓIA;23
JÚLIO DE CASTILHOS;23
LAGOA BONITA DO SUL;23
LAGOA VERMELHA;23
LAGOA DOS TRÊS CANTOS;23
LAGOÃO;23
LAJEADO;23
LAJEADO DO BUGRE;23
LAVRAS DO SUL;23
LIBERATO SALZANO;23
LINDOLFO COLLOR;23
LINHA NOVA;23
MACHADINHO;23
MAMPITUBA;23
MANOEL VIANA;23
MAQUINÉ;23
MARATÁ;23
MARAU;23
MARCELINO RAMOS;23
MARIANA PIMENTEL;23
MARIANO MORO;23
MARQUES DE SOUZA;23
MATA;23
MATO CASTELHANO;23
MATO LEITÃO;23
MATO QUEIMADO;23
MAXIMILIANO DE ALMEIDA;23
MAÇAMBARA;23
MINAS DO LEÃO;23
MIRAGUAÍ;23
MONTAURI;23
MONTE ALEGRE DOS CAMPOS;23
MONTE BELO DO SUL;23
MONTENEGRO;23
MORMAÇO;23
MORRINHOS DO SUL;23
MORRO REDONDO;23
MORRO REUTER;23
MOSTARDAS;23
MUITOS CAPÕES;23
MULITERNO;23
MUÇUM;23
NICOLAU VERGUEIRO;23
NONOAI;23
NOVA ALVORADA;23
NOVA ARAÇÁ;23
NOVA BASSANO;23
NOVA BOA VISTA;23
NOVA BRÉSCIA;23
NOVA CANDELÁRIA;23
NOVA ESPERANÇA DO SUL;23
NOVA HARTZ;23
NOVA PALMA;23
NOVA PETRÓPOLIS;23
NOVA PRATA;23
NOVA PÁDUA;23
NOVA RAMADA;23
NOVA ROMA DO SUL;23
NOVA SANTA RITA;23
NOVO BARREIRO;23
NOVO CABRAIS;23
NOVO HAMBURGO;23
NOVO MACHADO;23
NOVO TIRADENTES;23
NOVO XINGU;23
NÃO-ME-TOQUE;23
OSÓRIO;23
PAIM FILHO;23
PALMARES DO SUL;23
PALMEIRA DAS MISSÕES;23
PALMITINHO;23
PANAMBI;23
PANTANO GRANDE;23
PARAÍ;23
PARAÍSO DO SUL;23
PARECI NOVO;23
PAROBÉ;23
PASSA SETE;23
PASSO FUNDO;23
PASSO DO SOBRADO;23
PAULO BENTO;23
PAVERAMA;23
PEDRAS ALTAS;23
PEDRO OSÓRIO;23
PEJUÇARA;23
PELOTAS;23
PICADA CAFÉ;23
PINHAL;23
PINHAL GRANDE;23
PINHAL DA SERRA;23
PINHEIRINHO DO VALE;23
PINHEIRO MACHADO;23
PIRAPÓ;23
PIRATINI;23
PLANALTO;23
PONTE PRETA;23
PONTÃO;23
PORTO ALEGRE;23
PORTO LUCENA;23
PORTO MAUÁ;23
PORTO VERA CRUZ;23
PORTO XAVIER;23
PORTÃO;23
POUSO NOVO;23
POÇO DAS ANTAS;23
PRESIDENTE LUCENA;23
PROGRESSO;23
PROTÁSIO ALVES;23
PUTINGA;23
QUARAÍ;23
QUATRO IRMÃOS;23
QUEVEDOS;23
QUINZE DE NOVEMBRO;23
REDENTORA;23
RELVADO;23
RESTINGA SECA;23
RIO GRANDE;23
RIO PARDO;23
RIO DOS ÍNDIOS;23
RIOZINHO;23
ROCA SALES;23
RODEIO BONITO;23
ROLADOR;23
ROLANTE;23
RONDA ALTA;23
RONDINHA;23
ROQUE GONZALES;23
ROSÁRIO DO SUL;23
SAGRADA FAMÍLIA;23
SALDANHA MARINHO;23
SALTO DO JACUÍ;23
SALVADOR DAS MISSÕES;23
SALVADOR DO SUL;23
SANANDUVA;23
SANTA BÁRBARA DO SUL;23
SANTA CECÍLIA DO SUL;23
SANTA CLARA DO SUL;23
SANTA CRUZ DO SUL;23
SANTA MARGARIDA DO SUL;23
SANTA MARIA;23
SANTA MARIA DO HERVAL;23
SANTA ROSA;23
SANTA TEREZA;23
SANTA VITÓRIA DO PALMAR;23
SANTANA DA BOA VISTA;23
SANTANA DO LIVRAMENTO;23
SANTIAGO;23
SANTO ANTÔNIO DA PATRULHA;23
SANTO ANTÔNIO DAS MISSÕES;23
SANTO ANTÔNIO DO PALMA;23
SANTO ANTÔNIO DO PLANALTO;23
SANTO AUGUSTO;23
SANTO CRISTO;23
SANTO EXPEDITO DO SUL;23
SANTO ÂNGELO;23
SAPIRANGA;23
SAPUCAIA DO SUL;23
SARANDI;23
SEBERI;23
SEDE NOVA;23
SEGREDO;23
SELBACH;23
SENADOR SALGADO FILHO;23
SENTINELA DO SUL;23
SERAFINA CORRÊA;23
SERTÃO;23
SERTÃO SANTANA;23
SETE DE SETEMBRO;23
SEVERIANO DE ALMEIDA;23
SILVEIRA MARTINS;23
SINIMBU;23
SOBRADINHO;23
SOLEDADE;23
SÃO BORJA;23
SÃO DOMINGOS DO SUL;23
SÃO FRANCISCO DE ASSIS;23
SÃO FRANCISCO DE PAULA;23
SÃO GABRIEL;23
SÃO JERÔNIMO;23
SÃO JORGE;23
SÃO JOSÉ DAS MISSÕES;23
SÃO JOSÉ DO HERVAL;23
SÃO JOSÉ DO HORTÊNCIO;23
SÃO JOSÉ DO INHACORÁ;23
SÃO JOSÉ DO NORTE;23
SÃO JOSÉ DO OURO;23
SÃO JOSÉ DO SUL;23
SÃO JOSÉ DOS AUSENTES;23
SÃO JOÃO DA URTIGA;23
SÃO JOÃO DO POLÊSINE;23
SÃO LEOPOLDO;23
SÃO LOURENÇO DO SUL;23
SÃO LUIZ GONZAGA;23
SÃO MARCOS;23
SÃO MARTINHO;23
SÃO MARTINHO DA SERRA;23
SÃO MIGUEL DAS MISSÕES;23
SÃO NICOLAU;23
SÃO PAULO DAS MISSÕES;23
SÃO PEDRO DA SERRA;23
SÃO PEDRO DAS MISSÕES;23
SÃO PEDRO DO BUTIÁ;23
SÃO PEDRO DO SUL;23
SÃO SEBASTIÃO DO CAÍ;23
SÃO SEPÉ;23
SÃO VALENTIM;23
SÃO VALENTIM DO SUL;23
SÃO VALÉRIO DO SUL;23
SÃO VELINO;23
SÃO VICENTE DO SUL;23
SÉRIO;23
TABAÍ;23
TAPEJARA;23
TAPERA;23
TAPES;23
TAQUARA;23
TAQUARI;23
TAQUARUÇU DO SUL;23
TAVARES;23
TENENTE PORTELA;23
TERRA DE AREIA;23
TEUTÔNIA;23
TIO HUGO;23
TIRADENTES DO SUL;23
TOROPI;23
TORRES;23
TRAMANDAÍ;23
TRAVESSEIRO;23
TRINDADE DO SUL;23
TRIUNFO;23
TRÊS ARROIOS;23
TRÊS CACHOEIRAS;23
TRÊS COROAS;23
TRÊS FORQUILHAS;23
TRÊS PALMEIRAS;23
TRÊS PASSOS;23
TRÊS DE MAIO;23
TUCUNDUVA;23
TUNAS;23
TUPANCI DO SUL;23
TUPANCIRETÃ;23
TUPANDI;23
TUPARI;23
TURUÇU;23
UBIRETAMA;23
UNISTALDA;23
UNIÃO DA SERRA;23
URUGUAIANA;23
VACARIA;23
VALE REAL;23
VALE VERDE;23
VALE DO SOL;23
VANINI;23
VENÂNCIO AIRES;23
VERA CRUZ;23
VERANÓPOLIS;23
VESPASIANO CORREA;23
VIADUTOS;23
VIAMÃO;23
VICENTE DUTRA;23
VICTOR GRAEFF;23
VILA FLORES;23
VILA LÂNGARO;23
VILA MARIA;23
VILA NOVA DO SUL;23
VISTA ALEGRE;23
VISTA ALEGRE DO PRATA;23
VISTA GAÚCHA;23
VITÓRIA DAS MISSÕES;23
WESTFALIA;23
XANGRI-LÁ;23
ABDON BATISTA;24
ABELARDO LUZ;24
AGROLÂNDIA;24
AGRONÔMICA;24
ÁGUA DOCE;24
ÁGUAS FRIAS;24
ÁGUAS MORNAS;24
ÁGUAS DE CHAPECÓ;24
ALFREDO WAGNER;24
ALTO BELA VISTA;24
ANCHIETA;24
ANGELINA;24
ANITA GARIBALDI;24
ANITÁPOLIS;24
ANTÔNIO CARLOS;24
APIÚNA;24
ARABUTÃ;24
ARAQUARI;24
ARARANGUÁ;24
ARMAZÉM;24
ARROIO TRINTA;24
ARVOREDO;24
ASCURRA;24
ATALANTA;24
AURORA;24
BALNEÁRIO ARROIO DO SILVA;24
BALNEÁRIO BARRA DO SUL;24
BALNEÁRIO CAMBORIÚ;24
BALNEÁRIO GAIVOTA;24
BALNEÁRIO PIÇARRAS;24
BANDEIRANTE;24
BARRA BONITA;24
BARRA VELHA;24
BELA VISTA DO TOLDO;24
BELMONTE;24
BENEDITO NOVO;24
BIGUAÇU;24
BLUMENAU;24
BOCAINA DO SUL;24
BOM JARDIM DA SERRA;24
BOM JESUS;24
BOM JESUS DO OESTE;24
BOM RETIRO;24
BOMBINHAS;24
BOTUVERÁ;24
BRAÇO DO NORTE;24
BRAÇO DO TROMBUDO;24
BRUNÓPOLIS;24
BRUSQUE;24
CAIBI;24
CALMON;24
CAMBORIÚ;24
CAMPO ALEGRE;24
CAMPO BELO DO SUL;24
CAMPO ERÊ;24
CAMPOS NOVOS;24
CANELINHA;24
CANOINHAS;24
CAPINZAL;24
CAPIVARI DE BAIXO;24
CAPÃO ALTO;24
CATANDUVAS;24
CAXAMBU DO SUL;24
CAÇADOR;24
CELSO RAMOS;24
CERRO NEGRO;24
CHAPADÃO DO LAGEADO;24
CHAPECÓ;24
COCAL DO SUL;24
CONCÓRDIA;24
CORDILHEIRA ALTA;24
CORONEL FREITAS;24
CORONEL MARTINS;24
CORREIA PINTO;24
CORUPÁ;24
CRICIÚMA;24
CUNHA PORÃ;24
CUNHATAÍ;24
CURITIBANOS;24
DESCANSO;24
DIONÍSIO CERQUEIRA;24
DONA EMMA;24
DOUTOR PEDRINHO;24
ENTRE RIOS;24
ERMO;24
ERVAL VELHO;24
FAXINAL DOS GUEDES;24
FLOR DO SERTÃO;24
FLORIANÓPOLIS;24
FORMOSA DO SUL;24
FORQUILHINHA;24
FRAIBURGO;24
FREI ROGÉRIO;24
GALVÃO;24
GAROPABA;24
GARUVA;24
GASPAR;24
GOVERNADOR CELSO RAMOS;24
GRAVATAL;24
GRÃO PARÁ;24
GUABIRUBA;24
GUARACIABA;24
GUARAMIRIM;24
GUARUJÁ DO SUL;24
GUATAMBÚ;24
HERVAL D'OESTE;24
IBIAM;24
IBICARÉ;24
IBIRAMA;24
ILHOTA;24
IMARUÍ;24
IMBITUBA;24
IMBUIA;24
INDAIAL;24
IOMERÊ;24
IPIRA;24
IPORÃ DO OESTE;24
IPUAÇU;24
IPUMIRIM;24
IRACEMINHA;24
IRANI;24
IRATI;24
IRINEÓPOLIS;24
ITAIÓPOLIS;24
ITAJAÍ;24
ITAPEMA;24
ITAPIRANGA;24
ITAPOÁ;24
ITUPORANGA;24
ITÁ;24
IÇARA;24
JABORÁ;24
JACINTO MACHADO;24
JAGUARUNA;24
JARAGUÁ DO SUL;24
JARDINÓPOLIS;24
JOAÇABA;24
JOINVILLE;24
JOSÉ BOITEUX;24
JUPIÁ;24
LACERDÓPOLIS;24
LAGES;24
LAGUNA;24
LAJEADO GRANDE;24
LAURENTINO;24
LAURO MULLER;24
LEBON RÉGIS;24
LEOBERTO LEAL;24
LINDÓIA DO SUL;24
LONTRAS;24
LUIZ ALVES;24
LUZERNA;24
MACIEIRA;24
MAFRA;24
MAJOR GERCINO;24
MAJOR VIEIRA;24
MARACAJÁ;24
MARAVILHA;24
MAREMA;24
MASSARANDUBA;24
MATOS COSTA;24
MELEIRO;24
MIRIM DOCE;24
MODELO;24
MONDAÍ;24
MONTE CARLO;24
MONTE CASTELO;24
MORRO GRANDE;24
MORRO DA FUMAÇA;24
NAVEGANTES;24
NOVA ERECHIM;24
NOVA ITABERABA;24
NOVA TRENTO;24
NOVA VENEZA;24
NOVO HORIZONTE;24
ORLEANS;24
OTACÍLIO COSTA;24
OURO;24
OURO VERDE;24
PAIAL;24
PAINEL;24
PALHOÇA;24
PALMA SOLA;24
PALMEIRA;24
PALMITOS;24
PAPANDUVA;24
PARAÍSO;24
PASSO DE TORRES;24
PASSOS MAIA;24
PAULO LOPES;24
PEDRAS GRANDES;24
PENHA;24
PERITIBA;24
PETROLÂNDIA;24
PINHALZINHO;24
PINHEIRO PRETO;24
PIRATUBA;24
PLANALTO ALEGRE;24
POMERODE;24
PONTE ALTA;24
PONTE ALTA DO NORTE;24
PONTE SERRADA;24
PORTO BELO;24
PORTO UNIÃO;24
POUSO REDONDO;24
PRAIA GRANDE;24
PRESIDENTE CASTELLO BRANCO;24
PRESIDENTE GETÚLIO;24
PRESIDENTE NEREU;24
PRINCESA;24
QUILOMBO;24
RANCHO QUEIMADO;24
RIO FORTUNA;24
RIO NEGRINHO;24
RIO RSIGLAINO;24
RIO DAS ANTAS;24
RIO DO CAMPO;24
RIO DO OESTE;24
RIO DO SUL;24
RIO DOS CEDROS;24
RIQUEZA;24
RODEIO;24
ROMELÂNDIA;24
SALETE;24
SALTINHO;24
SALTO VELOSO;24
SANGÃO;24
SANTA CECÍLIA;24
SANTA HELENA;24
SANTA ROSA DE LIMA;24
SANTA ROSA DO SUL;24
SANTA TEREZINHA;24
SANTA TEREZINHA DO PROGRESSO;24
SANTIAGO DO SUL;24
SANTO AMARO DA IMPERATRIZ;24
SAUDADES;24
SCHROEDER;24
SEARA;24
SERRA ALTA;24
SIDERÓPOLIS;24
SOMBRIO;24
SUL BRASIL;24
SÃO BENTO DO SUL;24
SÃO BERNARDINO;24
SÃO BONIFÁCIO;24
SÃO CARLOS;24
SÃO CRISTOVÃO DO SUL;24
SÃO DOMINGOS;24
SÃO FRANCISCO DO SUL;24
SÃO JOAQUIM;24
SÃO JOSÉ;24
SÃO JOSÉ DO CEDRO;24
SÃO JOSÉ DO CERRITO;24
SÃO JOÃO BATISTA;24
SÃO JOÃO DO ITAPERIÚ;24
SÃO JOÃO DO OESTE;24
SÃO JOÃO DO SUL;24
SÃO LOURENÇO DO OESTE;24
SÃO LUDGERO;24
SÃO MARTINHO;24
SÃO MIGUEL DA BOA VISTA;24
SÃO MIGUEL DO OESTE;24
SÃO PEDRO DE ALCÂNTARA;24
TAIÓ;24
TANGARÁ;24
TIGRINHOS;24
TIJUCAS;24
TIMBÉ DO SUL;24
TIMBÓ;24
TIMBÓ GRANDE;24
TREVISO;24
TREZE TÍLIAS;24
TREZE DE MAIO;24
TROMBUDO CENTRAL;24
TRÊS BARRAS;24
TUBARÃO;24
TUNÁPOLIS;24
TURVO;24
UNIÃO DO OESTE;24
URUBICI;24
URUPEMA;24
URUSSANGA;24
VARGEM;24
VARGEM BONITA;24
VARGEÃO;24
VIDAL RAMOS;24
VIDEIRA;24
VITOR MEIRELES;24
WITMARSUM;24
XANXERÊ;24
XAVANTINA;24
XAXIM;24
ZORTÉA;24
AMPARO DE SÃO FRANCISCO;25
AQUIDABÃ;25
ARACAJU;25
ARAUÁ;25
AREIA BRANCA;25
BARRA DOS COQUEIROS;25
BOQUIM;25
BREJO GRANDE;25
CAMPO DO BRITO;25
CANHOBA;25
CANINDÉ DE SÃO FRANCISCO;25
CAPELA;25
CARIRA;25
CARMÓPOLIS;25
CEDRO DE SÃO JOÃO;25
CRISTINÁPOLIS;25
CUMBE;25
DIVINA PASTORA;25
ESTÂNCIA;25
FEIRA NOVA;25
FREI PAULO;25
GARARU;25
GENERAL MAYNARD;25
GRACHO CARDOSO;25
ILHA DAS FLORES;25
INDIAROBA;25
ITABAIANA;25
ITABAIANINHA;25
ITABI;25
ITAPORANGA D'AJUDA;25
JAPARATUBA;25
JAPOATÃ;25
LAGARTO;25
LARANJEIRAS;25
MACAMBIRA;25
MALHADA DOS BOIS;25
MALHADOR;25
MARUIM;25
MOITA BONITA;25
MONTE ALEGRE DE SERGIPE;25
MURIBECA;25
NEÓPOLIS;25
NOSSA SENHORA APARECIDA;25
NOSSA SENHORA DA GLÓRIA;25
NOSSA SENHORA DAS DORES;25
NOSSA SENHORA DE LOURDES;25
NOSSA SENHORA DO SOCORRO;25
PACATUBA;25
PEDRA MOLE;25
PEDRINHAS;25
PINHÃO;25
PIRAMBU;25
PORTO DA FOLHA;25
POÇO REDONDO;25
POÇO VERDE;25
PROPRIÁ;25
RIACHUELO;25
RIACHÃO DO DANTAS;25
RIBEIRÓPOLIS;25
ROSÁRIO DO CATETE;25
SALGADO;25
SANTA LUZIA DO ITANHY;25
SANTA ROSA DE LIMA;25
SANTANA DO SÃO FRANCISCO;25
SANTO AMARO DAS BROTAS;25
SIMÃO DIAS;25
SIRIRI;25
SÃO CRISTÓVÃO;25
SÃO DOMINGOS;25
SÃO FRANCISCO;25
SÃO MIGUEL DO ALEIXO;25
TELHA;25
TOBIAS BARRETO;25
TOMAR DO GERU;25
UMBAÚBA;25
ADAMANTINA;26
ADOLFO;26
AGUAÍ;26
ÁGUAS DA PRATA;26
ÁGUAS DE LINDÓIA;26
ÁGUAS DE SANTA BÁRBARA;26
ÁGUAS DE SÃO PEDRO;26
AGUDOS;26
ALAMBARI;26
ALFREDO MARCONDES;26
ALTAIR;26
ALTINÓPOLIS;26
ALTO ALEGRE;26
ALUMÍNIO;26
ÁLVARES FLORENCE;26
ÁLVARES MACHADO;26
ÁLVARO DE CARVALHO;26
ALVINLÂNDIA;26
AMERICANA;26
AMPARO;26
AMÉRICO BRASILIENSE;26
AMÉRICO DE CAMPOS;26
ANALÂNDIA;26
ANDRADINA;26
ANGATUBA;26
ANHEMBI;26
ANHUMAS;26
APARECIDA;26
APARECIDA D'OESTE;26
APIAÍ;26
ARAMINA;26
ARANDU;26
ARAPEÍ;26
ARARAQUARA;26
ARARAS;26
ARAÇARIGUAMA;26
ARAÇATUBA;26
ARAÇOIABA DA SERRA;26
ARCO-ÍRIS;26
AREALVA;26
AREIAS;26
AREIÓPOLIS;26
ARIRANHA;26
ARTUR NOGUEIRA;26
ARUJÁ;26
ASPÁSIA;26
ASSIS;26
ATIBAIA;26
AURIFLAMA;26
AVANHANDAVA;26
AVARÉ;26
AVAÍ;26
BADY BASSITT;26
BALBINOS;26
BANANAL;26
BARBOSA;26
BARIRI;26
BARRA BONITA;26
BARRA DO CHAPÉU;26
BARRA DO TURVO;26
BARRETOS;26
BARRINHA;26
BARUERI;26
BARÃO DE ANTONINA;26
BASTOS;26
BATATAIS;26
BAURU;26
BEBEDOURO;26
BENTO DE ABREU;26
BERNARDINO DE CAMPOS;26
BERTIOGA;26
BILAC;26
BIRIGUI;26
BIRITIBA-MIRIM;26
BOA ESPERANÇA DO SUL;26
BOCAINA;26
BOFETE;26
BOITUVA;26
BOM JESUS DOS PERDÕES;26
BOM SUCESSO DE ITARARÉ;26
BORACÉIA;26
BORBOREMA;26
BOREBI;26
BORÁ;26
BOTUCATU;26
BRAGANÇA PAULISTA;26
BRAÚNA;26
BREJO ALEGRE;26
BRODOWSKI;26
BROTAS;26
BURI;26
BURITAMA;26
BURITIZAL;26
BÁLSAMO;26
CABREÚVA;26
CABRÁLIA PAULISTA;26
CACHOEIRA PAULISTA;26
CACONDE;26
CAFELÂNDIA;26
CAIABU;26
CAIEIRAS;26
CAIUÁ;26
CAJAMAR;26
CAJATI;26
CAJOBI;26
CAJURU;26
CAMPINA DO MONTE ALEGRE;26
CAMPINAS;26
CAMPO LIMPO PAULISTA;26
CAMPOS NOVOS PAULISTA;26
CAMPOS DO JORDÃO;26
CANANÉIA;26
CANAS;26
CANITAR;26
CAPELA DO ALTO;26
CAPIVARI;26
CAPÃO BONITO;26
CARAGUATATUBA;26
CARAPICUÍBA;26
CARDOSO;26
CASA BRANCA;26
CASTILHO;26
CATANDUVA;26
CATIGUÁ;26
CAÇAPAVA;26
CEDRAL;26
CERQUEIRA CÉSAR;26
CERQUILHO;26
CESÁRIO LANGE;26
CHARQUEADA;26
CHAVANTES;26
CLEMENTINA;26
COLINA;26
COLÔMBIA;26
CONCHAL;26
CONCHAS;26
CORDEIRÓPOLIS;26
COROADOS;26
CORONEL MACEDO;26
CORUMBATAÍ;26
COSMORAMA;26
COSMÓPOLIS;26
COTIA;26
CRAVINHOS;26
CRISTAIS PAULISTA;26
CRUZEIRO;26
CRUZÁLIA;26
CUBATÃO;26
CUNHA;26
CÁSSIA DOS COQUEIROS;26
CÂNDIDO MOTA;26
CÂNDIDO RODRIGUES;26
DESCALVADO;26
DIADEMA;26
DIRCE REIS;26
DIVINOLÂNDIA;26
DOBRADA;26
DOIS CÓRREGOS;26
DOLCINÓPOLIS;26
DOURADO;26
DRACENA;26
DUARTINA;26
DUMONT;26
ECHAPORÃ;26
ELDORADO;26
ELIAS FAUSTO;26
ELISIÁRIO;26
EMBAÚBA;26
EMBU;26
EMBU-GUAÇU;26
EMILIANÓPOLIS;26
ENGENHEIRO COELHO;26
ESPÍRITO SANTO DO PINHAL;26
ESPÍRITO SANTO DO TURVO;26
ESTIVA GERBI;26
ESTRELA D'OESTE;26
ESTRELA DO NORTE;26
EUCLIDES DA CUNHA PAULISTA;26
FARTURA;26
FERNANDO PRESTES;26
FERNANDÓPOLIS;26
FERNÃO;26
FERRAZ DE VASCONCELOS;26
FLORA RICA;26
FLOREAL;26
FLORÍNIA;26
FLÓRIDA PAULISTA;26
FRANCA;26
FRANCISCO MORATO;26
FRANCO DA ROCHA;26
GABRIEL MONTEIRO;26
GARÇA;26
GASTÃO VIDIGAL;26
GAVIÃO PEIXOTO;26
GENERAL SALGADO;26
GETULINA;26
GLICÉRIO;26
GUAIMBÊ;26
GUAIÇARA;26
GUAPIARA;26
GUAPIAÇU;26
GUARACI;26
GUARANI D'OESTE;26
GUARANTÃ;26
GUARARAPES;26
GUARAREMA;26
GUARATINGUETÁ;26
GUARAÇAÍ;26
GUAREÍ;26
GUARIBA;26
GUARUJÁ;26
GUARULHOS;26
GUARÁ;26
GUATAPARÁ;26
GUAÍRA;26
GUZOLÂNDIA;26
GÁLIA;26
HERCULÂNDIA;26
HOLAMBRA;26
HORTOLÂNDIA;26
IACANGA;26
IACRI;26
IARAS;26
IBATÉ;26
IBIRAREMA;26
IBIRÁ;26
IBITINGA;26
IBIÚNA;26
ICÉM;26
IEPÊ;26
IGARAPAVA;26
IGARATÁ;26
IGARAÇU DO TIETÊ;26
IGUAPE;26
ILHA COMPRIDA;26
ILHA SOLTEIRA;26
ILHABELA;26
INDAIATUBA;26
INDIANA;26
INDIAPORÃ;26
INÚBIA PAULISTA;26
IPAUSSU;26
IPERÓ;26
IPEÚNA;26
IPIGUÁ;26
IPORANGA;26
IPUÃ;26
IRACEMÁPOLIS;26
IRAPURU;26
IRAPUÃ;26
ITABERÁ;26
ITAJOBI;26
ITAJU;26
ITANHAÉM;26
ITAPECERICA DA SERRA;26
ITAPETININGA;26
ITAPEVA;26
ITAPEVI;26
ITAPIRA;26
ITAPIRAPUÃ PAULISTA;26
ITAPORANGA;26
ITAPURA;26
ITAPUÍ;26
ITAQUAQUECETUBA;26
ITARARÉ;26
ITARIRI;26
ITATIBA;26
ITATINGA;26
ITAÍ;26
ITAÓCA;26
ITIRAPINA;26
ITIRAPUÃ;26
ITOBI;26
ITU;26
ITUPEVA;26
ITUVERAVA;26
ITÁPOLIS;26
JABORANDI;26
JABOTICABAL;26
JACAREÍ;26
JACI;26
JACUPIRANGA;26
JAGUARIÚNA;26
JALES;26
JAMBEIRO;26
JANDIRA;26
JARDINÓPOLIS;26
JARINU;26
JAÚ;26
JERIQUARA;26
JOANÓPOLIS;26
JOSÉ BONIFÁCIO;26
JOÃO RAMALHO;26
JUMIRIM;26
JUNDIAÍ;26
JUNQUEIRÓPOLIS;26
JUQUITIBA;26
JUQUIÁ;26
JÚLIO MESQUITA;26
LAGOINHA;26
LARANJAL PAULISTA;26
LAVRINHAS;26
LAVÍNIA;26
LEME;26
LENÇÓIS PAULISTA;26
LIMEIRA;26
LINDÓIA;26
LINS;26
LORENA;26
LOURDES;26
LOUVEIRA;26
LUCIANÓPOLIS;26
LUCÉLIA;26
LUIZIÂNIA;26
LUPÉRCIO;26
LUTÉCIA;26
LUÍS ANTÔNIO;26
MACATUBA;26
MACAUBAL;26
MACEDÔNIA;26
MAGDA;26
MAIRINQUE;26
MAIRIPORÃ;26
MANDURI;26
MARABÁ PAULISTA;26
MARACAÍ;26
MARAPOAMA;26
MARINÓPOLIS;26
MARIÁPOLIS;26
MARTINÓPOLIS;26
MARÍLIA;26
MATÃO;26
MAUÁ;26
MONÇA;26
MERIDIANO;26
MESÓPOLIS;26
MIGUELÓPOLIS;26
MINEIROS DO TIETÊ;26
MIRA ESTRELA;26
MIRACATU;26
MIRANDÓPOLIS;26
MIRANTE DO PARANAPANEMA;26
MIRASSOL;26
MIRASSOLÂNDIA;26
MOCOCA;26
MOGI GUAÇU;26
MOGI DAS CRUZES;26
MOJI MIRIM;26
MOMBUCA;26
MONGAGUÁ;26
MONTE ALEGRE DO SUL;26
MONTE ALTO;26
MONTE APRAZÍVEL;26
MONTE AZUL PAULISTA;26
MONTE CASTELO;26
MONTE MOR;26
MONTEIRO LOBATO;26
MONÇÕES;26
MORRO AGUDO;26
MORUNGABA;26
MOTUCA;26
MURUTINGA DO SUL;26
NANTES;26
NARANDIBA;26
NATIVIDADE DA SERRA;26
NAZARÉ PAULISTA;26
NEVES PAULISTA;26
NHANDEARA;26
NIPOÃ;26
NOVA ALIANÇA;26
NOVA CAMPINA;26
NOVA CANAÃ PAULISTA;26
NOVA CASTILHO;26
NOVA EUROPA;26
NOVA GRANADA;26
NOVA GUATAPORANGA;26
NOVA INDEPÊNCIA;26
NOVA LUZITÂNIA;26
NOVA ODESSA;26
NOVAIS;26
NOVO HORIZONTE;26
NUPORANGA;26
OCAUÇU;26
ÓLEO;26
OLÍMPIA;26
ONDA VERDE;26
ORIENTE;26
ORINDIÚVA;26
ORLÂNDIA;26
OSASCO;26
OSCAR BRESSANE;26
OSVALDO CRUZ;26
OURINHOS;26
OURO VERDE;26
OUROESTE;26
PACAEMBU;26
PALESTINA;26
PALMARES PAULISTA;26
PALMEIRA D'OESTE;26
PALMITAL;26
PANORAMA;26
PARAGUAÇU PAULISTA;26
PARAIBUNA;26
PARANAPANEMA;26
PARANAPUÃ;26
PARAPUÃ;26
PARAÍSO;26
PARDINHO;26
PARIQUERA-AÇU;26
PARISI;26
PATROCÍNIO PAULISTA;26
PAULICÉIA;26
PAULISTÂNIA;26
PAULO DE FARIA;26
PAULÍNIA;26
PEDERNEIRAS;26
PEDRA BELA;26
PEDRANÓPOLIS;26
PEDREGULHO;26
PEDREIRA;26
PEDRINHAS PAULISTA;26
PEDRO DE TOLEDO;26
PENÁPOLIS;26
PEREIRA BARRETO;26
PEREIRAS;26
PERUÍBE;26
PIACATU;26
PIEDADE;26
PILAR DO SUL;26
PINDAMONHANGABA;26
PINDORAMA;26
PINHALZINHO;26
PIQUEROBI;26
PIQUETE;26
PIRACAIA;26
PIRACICABA;26
PIRAJU;26
PIRAJUÍ;26
PIRANGI;26
PIRAPORA DO BOM JESUS;26
PIRAPOZINHO;26
PIRASSUNUNGA;26
PIRATININGA;26
PITANGUEIRAS;26
PLANALTO;26
PLATINA;26
POLONI;26
POMPÉIA;26
PONGAÍ;26
PONTAL;26
PONTALINDA;26
PONTES GESTAL;26
POPULINA;26
PORANGABA;26
PORTO FELIZ;26
PORTO FERREIRA;26
POTIM;26
POTIRABA;26
POÁ;26
PRACINHA;26
PRADÓPOLIS;26
PRAIA GRANDE;26
PRATÂNIA;26
PRESIDENTE ALVES;26
PRESIDENTE BERNARDES;26
PRESIDENTE EPITÁCIO;26
PRESIDENTE PRUDENTE;26
PRESIDENTE VENCESLAU;26
PROMISSÃO;26
QUADRA;26
QUATÁ;26
QUEIROZ;26
QUELUZ;26
QUINTANA;26
RAFARD;26
RANCHARIA;26
REDENÇÃO DA SERRA;26
REGENTE FEIJÓ;26
REGINÓPOLIS;26
REGISTRO;26
RESTINGA;26
RIBEIRA;26
RIBEIRÃO BONITO;26
RIBEIRÃO BRANCO;26
RIBEIRÃO CORRENTE;26
RIBEIRÃO GRANDE;26
RIBEIRÃO PIRES;26
RIBEIRÃO PRETO;26
RIBEIRÃO DO SUL;26
RIBEIRÃO DOS ÍNDIOS;26
RIFAINA;26
RINCÃO;26
RINÓPOLIS;26
RIO CLARO;26
RIO GRANDE DA SERRA;26
RIO DAS PEDRAS;26
RIOLÂNDIA;26
RIVERSUL;26
ROSANA;26
ROSEIRA;26
RUBINÉIA;26
RUBIÁCEA;26
SABINO;26
SAGRES;26
SALES;26
SALES OLIVEIRA;26
SALESÓPOLIS;26
SALMOURÃO;26
SALTINHO;26
SALTO;26
SALTO GRANDE;26
SALTO DE PIRAPORA;26
SANDOVALINA;26
SANTA ADÉLIA;26
SANTA ALBERTINA;26
SANTA BRANCA;26
SANTA BÁRBARA D'OESTE;26
SANTA CLARA D'OESTE;26
SANTA CRUZ DA CONCEIÇÃO;26
SANTA CRUZ DA ESPERANÇA;26
SANTA CRUZ DAS PALMEIRAS;26
SANTA CRUZ DO RIO PARDO;26
SANTA ERNESTINA;26
SANTA FÉ DO SUL;26
SANTA GERTRUDES;26
SANTA ISABEL;26
SANTA LÚCIA;26
SANTA MARIA DA SERRA;26
SANTA MERCEDES;26
SANTA RITA D'OESTE;26
SANTA RITA DO PASSA QUATRO;26
SANTA ROSA DE VITERBO;26
SANTA SALETE;26
SANTANA DA PONTE PENSA;26
SANTANA DE PARNAÍBA;26
SANTO ANASTÁCIO;26
SANTO ANDRÉ;26
SANTO ANTÔNIO DA ALEGRIA;26
SANTO ANTÔNIO DE POSSE;26
SANTO ANTÔNIO DO ARACANGUÁ;26
SANTO ANTÔNIO DO JARDIM;26
SANTO ANTÔNIO DO PINHAL;26
SANTO EXPEDITO;26
SANTOS;26
SANTÓPOLIS DO AGUAPEÍ;26
SARAPUÍ;26
SARUTAIÁ;26
SEBASTIANÓPOLIS DO SUL;26
SERRA AZUL;26
SERRA NEGRA;26
SERRANA;26
SERTÃOZINHO;26
SETE BARRAS;26
SEVERÍNIA;26
SILVEIRAS;26
SOCORRO;26
SOROCABA;26
SUD MENNUCCI;26
SUMARÉ;26
SUZANO;26
SUZANÁPOLIS;26
SÃO BENTO DO SAPUCAÍ;26
SÃO BERNARDO DO CAMPO;26
SÃO CAETANO DO SUL;26
SÃO CARLOS;26
SÃO FRANCISCO;26
SÃO JOAQUIM DA BARRA;26
SÃO JOSÉ DA BELA VISTA;26
SÃO JOSÉ DO BARREIRO;26
SÃO JOSÉ DO RIO PARDO;26
SÃO JOSÉ DO RIO PRETO;26
SÃO JOSÉ DOS CAMPOS;26
SÃO JOÃO DA BOA VISTA;26
SÃO JOÃO DAS DUAS PONTES;26
SÃO JOÃO DE IRACEMA;26
SÃO JOÃO DO PAU D'ALHO;26
SÃO LOURENÇO DA SERRA;26
SÃO LUÍS DO PARAITINGA;26
SÃO MANUEL;26
SÃO MIGUEL ARCANJO;26
SÃO PAULO;26
SÃO PEDRO;26
SÃO PEDRO DO TURVO;26
SÃO ROQUE;26
SÃO SEBASTIÃO;26
SÃO SEBASTIÃO DA GRAMA;26
SÃO SIMÃO;26
SÃO VICENTE;26
TABAPUÃ;26
TABATINGA;26
TABOÃO DA SERRA;26
TACIBA;26
TAGUAÍ;26
TAIAÇU;26
TAIÚVA;26
TAMBAÚ;26
TANABI;26
TAPIRATIBA;26
TAPIRAÍ;26
TAQUARAL;26
TAQUARITINGA;26
TAQUARITUBA;26
TAQUARIVAÍ;26
TARABAI;26
TARUMÃ;26
TATUÍ;26
TAUBATÉ;26
TEJUPÁ;26
TEODORO SAMPAIO;26
TERRA ROXA;26
TIETÊ;26
TIMBURI;26
TORRE DE PEDRA;26
TORRINHA;26
TRABIJU;26
TREMEMBÉ;26
TRÊS FRONTEIRAS;26
TUIUTI;26
TUPI PAULISTA;26
TUPÃ;26
TURIÚBA;26
TURMALINA;26
UBARANA;26
UBATUBA;26
UBIRAJARA;26
UCHOA;26
UNIÃO PAULISTA;26
URU;26
URUPÊS;26
URÂNIA;26
VALENTIM GENTIL;26
VALINHOS;26
VALPARAÍSO;26
VARGEM;26
VARGEM GRANDE PAULISTA;26
VARGEM GRANDE DO SUL;26
VERA CRUZ;26
VINHEDO;26
VIRADOURO;26
VISTA ALEGRE DO ALTO;26
VITÓRIA BRASIL;26
VOTORANTIM;26
VOTUPORANGA;26
VÁRZEA PAULISTA;26
ZACARIAS;26
ABREULÂNDIA;27
AGUIARNÓPOLIS;27
ALIANÇA DO TOCANTINS;27
ALMAS;27
ALVORADA;27
ANANÁS;27
ANGICO;27
APARECIDA DO RIO NEGRO;27
ARAGOMINAS;27
ARAGUACEMA;27
ARAGUANÃ;27
ARAGUATINS;27
ARAGUAÇU;27
ARAGUAÍNA;27
ARAPOEMA;27
ARRAIAS;27
AUGUSTINÓPOLIS;27
AURORA DO TOCANTINS;27
AXIXÁ DO TOCANTINS;27
BABAÇULÂNDIA;27
BANDEIRANTES DO TOCANTINS;27
BARRA DO OURO;27
BARROLÂNDIA;27
BERNARDO SAYÃO;27
BOM JESUS DO TOCANTINS;27
BRASILÂNDIA DO TOCANTINS;27
BREJINHO DE NAZARÉ;27
BURITI DO TOCANTINS;27
CACHOEIRINHA;27
CAMPOS LINDOS;27
CARIRI DO TOCANTINS;27
CARMOLÂNDIA;27
CARRASCO BONITO;27
CASEARA;27
CENTENÁRIO;27
CHAPADA DA NATIVIDADE;27
CHAPADA DE AREIA;27
COLINAS DO TOCANTINS;27
COLMÉIA;27
COMBINADO;27
CONCEIÇÃO DO TOCANTINS;27
COUTO DE MAGALHÃES;27
CRISTALÂNDIA;27
CRIXÁS DO TOCANTINS;27
DARCINÓPOLIS;27
DIANÓPOLIS;27
DIVINÓPOLIS DO TOCANTINS;27
DOIS IRMÃOS DO TOCANTINS;27
DUERÉ;27
ESPERANTINA;27
FIGUEIRÓPOLIS;27
FILADÉLFIA;27
FORMOSO DO ARAGUAIA;27
FORTALEZA DO TABOCÃO;27
FÁTIMA;27
GOIANORTE;27
GOIATINS;27
GUARAÍ;27
GURUPI;27
IPUEIRAS;27
ITACAJÁ;27
ITAGUATINS;27
ITAPIRATINS;27
ITAPORÃ DO TOCANTINS;27
JAÚ DO TOCANTINS;27
JUARINA;27
LAGOA DA CONFUSÃO;27
LAGOA DO TOCANTINS;27
LAJEADO;27
LAVANDEIRA;27
LIZARDA;27
LUZINÓPOLIS;27
MARIANÓPOLIS DO TOCANTINS;27
MATEIROS;27
MAURILÂNDIA DO TOCANTINS;27
MIRACEMA DO TOCANTINS;27
MIRANORTE;27
MONTE SANTO DO TOCANTINS;27
MONTE DO CARMO;27
MURICILÂNDIA;27
NATIVIDADE;27
NAZARÉ;27
NOVA OLINDA;27
NOVA ROSALÂNDIA;27
NOVO ACORDO;27
NOVO ALEGRE;27
NOVO JARDIM;27
OLIVEIRA DE FÁTIMA;27
PALMAS;27
PALMEIRANTE;27
PALMEIRAS DO TOCANTINS;27
PALMEIRÓPOLIS;27
PARANÃ;27
PARAÍSO DO TOCANTINS;27
PAU D'ARCO;27
PEDRO AFONSO;27
PEIXE;27
PEQUIZEIRO;27
PINDORAMA DO TOCANTINS;27
PIRAQUÊ;27
PIUM;27
PONTE ALTA DO BOM JESUS;27
PONTE ALTA DO TOCANTINS;27
PORTO ALEGRE DO TOCANTINS;27
PORTO NACIONAL;27
PRAIA NORTE;27
PRESIDENTE KENNEDY;27
PUGMIL;27
RECURSOLÂNDIA;27
RIACHINHO;27
RIO SONO;27
RIO DA CONCEIÇÃO;27
RIO DOS BOIS;27
SAMPAIO;27
SANDOLÂNDIA;27
SANTA FÉ DO ARAGUAIA;27
SANTA MARIA DO TOCANTINS;27
SANTA RITA DO TOCANTINS;27
SANTA ROSA DO TOCANTINS;27
SANTA TEREZA DO TOCANTINS;27
SANTA TEREZINHA DO TOCANTINS;27
SILVANÓPOLIS;27
SUCUPIRA;27
SÃO BENTO DO TOCANTINS;27
SÃO FÉLIX DO TOCANTINS;27
SÃO MIGUEL DO TOCANTINS;27
SÃO SALVADOR DO TOCANTINS;27
SÃO SEBASTIÃO DO TOCANTINS;27
SÃO VALÉRIO DA NATIVIDADE;27
SÍTIO NOVO DO TOCANTINS;27
TAGUATINGA;27
TAIPAS DO TOCANTINS;27
TALISMÃ;27
TOCANTINÓPOLIS;27
TOCANTÍNIA;27
TUPIRAMA;27
TUPIRATINS;27
WANDERLÂNDIA;27
XAMBIOÁ;27
